0,Call Number,Manuscript Page Number,Digital Order Number,Possible language,Location of names collection,Original place name as recorded in SL Collections,English or current place name,Type of Place,Latitude,Longitude,Lookup Status,Polygon,"Recorded Meaning of Place Name, or Reason Why it was Given",Other Information,Possible meaning in English as found outside SL Collections,External meaning source,Other Resources,Volunteer who put details into this spreadsheet
1,MLMSS 7603 / Box 4 / Folder 1,1,a9819001,"Dharawal, Dharug?, Eora?, Guringay?, Worimi?",Albion Park,Boondi,Bondi,Beach; Suburb,-33.89124,151.27726,EXIST,,Noise made by sea wave breaking on beach,,,,,
2,MLMSS 7603 / Box 4 / Folder 1,1,a9819001,"Dharawal, Dharug?, Eora?, Guringay?, Worimi?",Albion Park,Koojah,Coogee,Bay; Beach; Suburb,-33.92067,151.25793,EXIST,,"Bad smell, caused by the decay of large quantities of seaweed washed ashore",,,,,
3,MLMSS 7603 / Box 4 / Folder 1,1,a9819001,"Dharawal, Dharug?, Eora?, Guringay?, Worimi?",Albion Park,Merooberah,Maroubra,Beach; Suburb,-33.94947,151.25688,EXIST,,The beach was named after the tribe that inhabited the particular place,,,,,
9,MLMSS 7603 / Box 4 / Folder 1,1,a9819001,"Dharawal, Dharug?, Eora?, Guringay?, Worimi?",Albion Park,Bulla,Bulli,Suburb,-34.3329,150.9125,EXIST,,Two mountains,,,,,
12,MLMSS 7603 / Box 4 / Folder 1,1,a9819001,"Dharawal, Dharug?, Eora?, Guringay?, Worimi?",Albion Park,Elowera,Illawarra,Region,-34.5227,150.8413,EXIST,,Pleasant place,,,,,
13,MLMSS 7603 / Box 4 / Folder 1,1,a9819001,"Dharawal, Dharug?, Eora?, Guringay?, Worimi?",Albion Park,Woolyungah,Wollongong,City,-34.425,150.8945,EXIST,,Five islands,,"Yunga meaning ""To cry""",Q499.15/548,,
14,MLMSS 7603 / Box 4 / Folder 1,1,a9819001,"Dharawal, Dharug?, Eora?, Guringay?, Worimi?",Albion Park,Kiare mia,Kiama,Town; Beach,-34.6719,150.8553,EXIST,,Fish may be caught from the rock,,,,,
15,MLMSS 7603 / Box 4 / Folder 1,1,a9819001,"Dharawal, Dharug?, Eora?, Guringay?, Worimi?",Albion Park,Minna-murra,Minnamurra,River; Suburb,-34.62667,150.84973,EXIST,,Plenty of Fish,,,,,
17,MLMSS 7603 / Box 4 / Folder 1,1,a9819001,"Dharawal, Dharug?, Eora?, Guringay?, Worimi?",Albion Park,Cooloongatta,Coolangatta,Town,-34.8539,150.7227,EXIST,,The highest land (a lookout),,,,,
18,MLMSS 7603 / Box 4 / Folder 1,1,a9819001,"Dharawal, Dharug?, Eora?, Guringay?, Worimi?",Albion Park,Moona,Jervis Bay,Bay,-35.0252,150.7177,EXIST,,Plenty,,,,,
21,MLMSS 7603 / Box 4 / Folder 1,1,a9819001,"Dharawal, Dharug?, Eora?, Guringay?, Worimi?",Albion Park,Wandiwandian,Wandandian,Village,-35.0874,150.5107,EXIST,,The home of the lost lovers,,,,,
22,MLMSS 7603 / Box 4 / Folder 1,1,a9819001,"Dharawal, Dharug?, Eora?, Guringay?, Worimi?",Albion Park,Berri Werri,Lake Werri Berri,Lake,-34.22321,150.54145,EXIST,,A crossing place,,,,,
23,MLMSS 7603 / Box 4 / Folder 1,1,a9819001,"Dharawal, Dharug?, Eora?, Guringay?, Worimi?",Albion Park,Woolladoorh,Ulladulla,Harbour; Town,-35.3569,150.4809,EXIST,,Safe harbour,,,,http://www.acmssearch.sl.nsw.gov.au/search/itemDetailPaged.cgi?itemID=1379434,
24,MLMSS 7603 / Box 4 / Folder 1,6,a9819006,"Guyambal, Wiriyaraay, Bigambul",Ashford,Pindari,Lake Pindari,Lake; Dam,-29.3828,151.2639,EXIST,,High ground,A location near Lake Pindari.,,,,
25,MLMSS 7603 / Box 4 / Folder 1,6,a9819006,"Guyambal, Wiriyaraay, Bigambul",Ashford,Bukkulla,Bukkulla,Hamlet,-29.4983,151.1178,EXIST,,High black stump,,,,,
27,MLMSS 7603 / Box 4 / Folder 1,6,a9819006,"Guyambal, Wiriyaraay, Bigambul",Ashford,Graman,Graman,Village,-29.4678,150.9285,EXIST,,Big plain,,,,,
29,MLMSS 7603 / Box 4 / Folder 1,6,a9819006,"Guyambal, Wiriyaraay, Bigambul",Ashford,Wallangra,Wallangra,District,-29.2469,150.8931,EXIST,,Big water,,"Wallan meaning ""Rain""",Q499.15/548,,
31,MLMSS 7603 / Box 4 / Folder 1,6,a9819006,"Guyambal, Wiriyaraay, Bigambul",Ashford,Gunyan,Gunyan,Landholding,-28.9138433,151.2343343,EXIST,,Where an Aboriginal girl died,Also the name of a nearby road,"Yan meaning ""To go""",Q499.15/548,,
33,MLMSS 7603 / Box 4 / Folder 1,13,a9819013,Wiradjuri,Trangie,Trangie,Trangie,Town,-32.0322,147.9582,EXIST,,Mud knee deep,,,,,
34,MLMSS 7603 / Box 4 / Folder 1,13,a9819013,Wiradjuri,Trangie,Mullah,Mullah,Road,-32.03014,147.97701,EXIST,,To be sick,,,,,
36,MLMSS 7603 / Box 4 / Folder 1,13,a9819013,Wiradjuri,Trangie,Goan,Goan,Park; Waterhole,-32.0298,147.9875,EXIST,,Hair of the head,,,,,
37,MLMSS 7603 / Box 4 / Folder 2,140,a9820023,"Eora, Dharug",Ryde,Colah,Mount Colah,Suburb,-33.66885,151.11474,EXIST,,Anger,,,,,
38,MLMSS 7603 / Box 4 / Folder 2,140,a9820023,"Eora, Dharug",Ryde,Kuringgai,Ku-ring-gai Chase,Park; Suburb,-33.6375,151.2405,EXIST,,"Called ""Chase"" as it is the hunting ground of a tribe of the name Kuringgai",,,,,
39,MLMSS 7603 / Box 4 / Folder 2,140,a9820023,"Eora, Dharug",Rydep,Pitonga Creek,Patonga Creek,River,-33.52034,151.27287,EXIST,,"Pita meaning snare, and Tonga meaning a mangrove tree, on account of the mangrove growing there and an accident having occured through same.",,,,,
40,MLMSS 7603 / Box 4 / Folder 2,140,a9820023,"Eora, Dharug",Ryde,Marra Marra,Marramarra National Park,Park,-33.5135,151.0963,EXIST,,Named after a particular Aboriginal person,,,,,
42,MLMSS 7603 / Box 4 / Folder 2,140,a9820023,"Eora, Dharug",Ryde,Weemala,Weemala,Road,-33.4339,151.4299,EXIST,,A big lookout,"This location is closest to other Central Coast locations described in the same record, but there are also other numerous locations (streets) in NSW with this same name.",,,,
43,MLMSS 7603 / Box 4 / Folder 3,264,a9821073,"Eora, Dharug",Parramatta,Parramatta,Parramatta,Suburb,-33.81399,151.00266,EXIST,,The place where the eels lie down,,,,http://www.sl.nsw.gov.au/collection-items/view-parramatta-nsw-looking-east,
44,MLMSS 7603 / Box 4 / Folder 3,264,a9821073,"Eora, Dharug",Parramatta,Waawaarawaa,Eastern Creek,River; Suburb,-33.68056,150.85451,EXIST,,Fresh water,,,,,
47,MLMSS 7603 / Box 4 / Folder 3,280,a9821089,Eora,Sydney,Mulyan,Mulyan,Suburb,-33.82025,148.67938,EXIST,,Place frequented by eagle hawks,,"Yan meaning ""To go""",Q499.15/548,,
48,MLMSS 7603 / Box 4 / Folder 3,280,a9821089,Eora,Sydney,Demondril,Demondrille,Hamlet,-34.5328,148.309,EXIST,,Where large reeds grow that can be made into spears,,,,,
82,MLMSS 7603 / Box 4 / Folder 3,280,a9821089,Eora,Sydney,Muttama,Muttama,Hamlet,-34.8046,148.1135,EXIST,,Take it,,,,,
86,MLMSS 7603 / Box 4 / Folder 3,310,a9821122,"Eora, Dharug",North Sydney,Wahroonga,Wahroonga,Suburb,-33.71857,151.11671,EXIST,,Our home,,,,,
87,MLMSS 7603 / Box 4 / Folder 3,310,a9821122,"Eora, Dharug",North Sydney,Turramurra,Turramurra,Suburb,-33.73371,151.12923,EXIST,,Highland,,,,,
88,MLMSS 7603 / Box 4 / Folder 3,310,a9821122,"Eora, Dharug",North Sydney,"Kuring-gai, Chase",Ku-ring-gai Chase,Park; Suburb,-33.6375,151.2405,EXIST,,The home of the Kuring tribe,,,,,
89,MLMSS 7603 / Box 4 / Folder 3,310,a9821122,"Eora, Dharug",North Sydney,Gibberagong,Gibberagong Track,Trail,-33.67786,151.14226,EXIST,,Plenty of rocks,,,,,
90,MLMSS 7603 / Box 4 / Folder 3,310,a9821122,"Included on an Eora record but specifies a ""Victorian"" language.",North Sydney,Killara,Killara,Suburb,-33.76606,151.16011,EXIST,,Always go there,,,,,
91,MLMSS 7603 / Box 4 / Folder 5,428,a9823059,"Eora, Dharug",Sydney,Cooroowal,Fig Tree Point,Point,-33.81362,151.23204,EXIST,,Wild Fig Tree,,,,,
92,MLMSS 7603 / Box 4 / Folder 5,428,a9823059,"Eora, Dharug",Sydney,Burrawong,Burrawong Avenue,Road,-33.8404,151.2477,EXIST,,Native Palm (Macrozamia communis),,"Burra meaning ""Eel"" or ""Mouth""; ""Burrawal"" meaning ""Sea""",Q499.15.548,,
96,MLMSS 7603 / Box 4 / Folder 5,428,a9823059,"Eora, Dharug",Sydney,Eeora,Sydney,Region; City,-33.868,151.21,EXIST,,Aboriginal Sydney District,,,,http://www.acmssearch.sl.nsw.gov.au/search/itemDetailPaged.cgi?itemID=411337 http://www.acmssearch.sl.nsw.gov.au/search/itemLargeCopyright.cgi?itemID=941084&size=full&album=1&collection=954336&parent=411337 http://www.acmssearch.sl.nsw.gov.au/search/itemLargeCopyright.cgi?itemID=941086&size=full&album=1&collection=954336&parent=411337 http://www.acmssearch.sl.nsw.gov.au/search/itemDetailPaged.cgi?itemID=423594 http://www.acmssearch.sl.nsw.gov.au/search/itemLargeCopyright.cgi?itemID=808615&size=full&album=1&collection=823413&parent=404751,
104,MLMSS 7603 / Box 4 / Folder 5,428,a9823059,"Eora, Dharug",Sydney,Wattoo,Port Stephens,Bay,-32.69864,152.15538,EXIST,,Opossum,,,,,
118,MLMSS 7603 / Box 4 / Folder 5,429,a9823060,"Eora, Dharug",Sydney,Tuggerah,Tuggerah,Suburb,-33.3039,151.4205,EXIST,,Cold (southerly winds),,"Tugra Gori meaning ""Southerly wind""",Q499.15/548,,
120,MLMSS 7603 / Box 4 / Folder 5,429,a9823060,"Eora, Dharug",Sydney,Gomea,Gymea,Suburb,-34.03491,151.08535,EXIST,,Gigantic lily,,,,,
121,MLMSS 7603 / Box 4 / Folder 5,430,a9823061,"Thawa, Bidawal","Wonboyn, Yambulla",Warra Warra,Warra Warra Road,Road,-34.9263,150.6078,EXIST,,Rain,,,,,
122,MLMSS 7603 / Box 4 / Folder 5,430,a9823061,"Thawa, Bidawal","Wonboyn, Yambulla",Koolilabah,Koolilabah Lane,Road,-34.67203,150.21846,EXIST,,Water lily,,,,,
124,MLMSS 7603 / Box 4 / Folder 5,430,a9823061,"Thawa, Bidawal","Wonboyn, Yambulla",Womboyn,Mount Womboyn,Peak,-33.66791,146.38503,EXIST,,Kangaroo,,,,,
125,MLMSS 7603 / Box 4 / Folder 4,343,a9822041,Dharawal?,Bulli?,Bulli,Bulli,Suburb,-34.3329,150.9125,EXIST,,White grubs,,,,,
128,MLMSS 7603 / Box 4 / Folder 4,343,a9822041,Dharawal?,Bulli?,Comboyne,Comboyne,Hamlet,-31.6055,152.468,EXIST,,Female kangaroo,,,,,
130,MLMSS 7603 / Box 4 / Folder 4,343,a9822041,Dharawal?,Bulli?,Kindee,Kindee,Hamlet,-31.3817,152.4344,EXIST,,Chips cut from logs,,,,,
131,MLMSS 7603 / Box 4 / Folder 4,343,a9822041,Dharawal?,Bulli?,Brombin,Brombin,Hamlet,-31.4578,152.6314,EXIST,,Wild grapes,,,,,
132,MLMSS 7603 / Box 4 / Folder 4,343,a9822041,Dharawal?,Bulli?,Comarra,Comara,Hamlet,-30.782,152.3516,EXIST,,Cut sinew,,,,,
134,MLMSS 7603 / Box 4 / Folder 4,343,a9822041,Dharawal?,Bulli?,Burrega,Burraga,Village,-33.95,149.5333,EXIST,,Bandicoot,,Bandicoot,Q499.15/548,,
136,MLMSS 7603 / Box 4 / Folder 1,17,a9819017,"Wiradjuri, Dharug",Rockley,Caloola,Caloola,Hamlet,-33.5983,149.4237,EXIST,,An old battlefield,,,,,
137,MLMSS 7603 / Box 4 / Folder 1,17,a9819017,"Wiradjuri, Dharug",Rockley,Mulgunnia,Mulgunnia Street,Road,-33.69726,149.55209,EXIST,,One hut,,,,,
139,MLMSS 7603 / Box 4 / Folder 1,18,a9819018,"Wiradjuri, Dharug",Wallerawang,Wallerawang,Wallerawang,Suburb,-33.4074,150.0679,EXIST,,Water on rocks,,,,,
140,MLMSS 7603 / Box 4 / Folder 1,18,a9819018,"Wiradjuri, Dharug",Wallerawang,Marrangaroo,Marrangaroo,Suburb,-33.44,150.1178,EXIST,,Little blue flowers,,,,,
142,MLMSS 7603 / Box 4 / Folder 1,20,a9819020,"Wiradjuri, Dharug",O'Connell,Brewongle,Brewongle,Village,-33.4822,149.7134,EXIST,,Camping place,,,,,
143,MLMSS 7603 / Box 4 / Folder 1,20,a9819020,"Wiradjuri, Dharug",O'Connell,Wambool,Wambool,Hamlet,-33.4983,149.7511,EXIST,,The place of the river,,,,,
144,MLMSS 7603 / Box 4 / Folder 1,21,a9819021,Dharug,Lithgow,Cooerwull,Cooerwull,Suburb,-33.4817,150.1428,EXIST,,A wild flower growing on the mountain,,,,,
145,MLMSS 7603 / Box 4 / Folder 1,21,a9819021,Dharug,Lithgow,Marangaroo,Marrangaroo,Suburb,-33.44,150.1178,EXIST,,A hurried flight,,"Marang meaning ""Fly"" or ""Blowfly""",Q499.15/548,,
146,MLMSS 7603 / Box 4 / Folder 1,23,a9819023,"Wiradjuri, Gundungurra, Dharug",Tuena,Mulgowrie,Mulgowrie,Hamlet,-34.23167,149.17578,EXIST,,One place for water,,,,,
147,MLMSS 7603 / Box 4 / Folder 1,23,a9819023,"Wiradjuri, Gundungurra, Dharug",Tuena,Yarraman,Yarraman Rd,Road,-34.02989,149.18638,EXIST,,Horse,,,,,
149,MLMSS 7603 / Box 4 / Folder 1,23,a9819023,"Wiradjuri, Gundungurra, Dharug",Carcoar,Beluhula,Belubula River,River,-33.57081,148.9412,EXIST,,Stoney,,,,,
153,MLMSS 7603 / Box 4 / Folder 1,23,a9819023,"Wiradjuri, Gundungurra, Dharug",Gallymont,Budjerabong,Bedgerabong,Hamlet,-33.3588,147.7017,EXIST,,Big tree,,"Budjery meaning ""Good""",Q499.15/548,,
155,MLMSS 7603 / Box 4 / Folder 1,41,a9819041,"Gundungurra, Dharawal",Berrima,Bundanoon,Bundanoon,Town,-34.6562,150.2997,EXIST,,Big gullies,,"Bunda meaning ""Hawk""",Q499.15.548,,
156,MLMSS 7603 / Box 4 / Folder 1,41,a9819041,"Gundungurra, Dharawal",Berrima,Kareela,Kareela,Suburb,-34.01576,151.08127,EXIST,,South Wind,,,,,
157,MLMSS 7603 / Box 4 / Folder 1,41,a9819041,"Gundungurra, Dharawal",Berrima,Bong Bong,Bong Bong,Park,-34.52881,150.39214,EXIST,,Many springs of water,,,,,
158,MLMSS 7603 / Box 4 / Folder 1,41,a9819041,"Gundungurra, Dharawal",Berrima,Bumballa,Bumballa Road,Road,-34.7291,150.1518,EXIST,,Go on away,,,,,
159,MLMSS 7603 / Box 4 / Folder 1,77,a9819076,Dharawal,Brownsville,Baan,Baan Baan Street,Road,-34.49336,150.79621,EXIST,,Head,,,,,
160,MLMSS 7603 / Box 4 / Folder 1,77,a9819076,Dharawal,Brownsville,Karoo,Karoo Point,Point,-34.5568,150.8294,EXIST,,Clouds,,,,,
161,MLMSS 7603 / Box 4 / Folder 1,77,a9819076,Dharawal,Brownsville,Burral,Burral Lane,Road,-34.49282,150.81476,EXIST,,Wallaby,,,,,
162,MLMSS 7603 / Box 4 / Folder 1,77,a9819076,Dharawal,Brownsville,Noolawong,Bevans Island,Island,-34.5344,150.8572,EXIST,,Headland or bluff point,,,,,
163,MLMSS 7603 / Box 4 / Folder 1,103,a9819106,"Gathang, Birpai",Coopernook,Coopernook,Coopernook,Village,-31.82571,152.61434,EXIST,,Elbow,,,,,
164,MLMSS 7603 / Box 4 / Folder 1,103,a9819106,"Gathang, Birpai",Coopernook,Croki,Croki,Village,-31.87361,152.59361,EXIST,,Toadfish,,,,,
165,MLMSS 7603 / Box 4 / Folder 1,103,a9819106,"Gathang, Birpai",Coopernook,Catti Catti,Cattai Wetlands,Wetland; Park,-31.823898,152.633201,EXIST,,Swamp country,,,,,
166,MLMSS 7603 / Box 4 / Folder 1,103,a9819106,"Gathang, Birpai",Coopernook,Tappin Tappin,Tappin Creek,River,-31.8462,152.6207,EXIST,,Shoalwater,,,,,
168,MLMSS 7603 / Box 4 / Folder 2,143,a9820027,Dharawal,Exeter,Gin-in-bullin,Gingenbullen Mountain,Peak,-34.53724,150.31912,EXIST,,A name for the mountain which may have been known by a spring,,,,,
178,MLMSS 7603 / Box 4 / Folder 2,143,a9820027,Dharawal,Exeter,Mirragang,Mittagong,Town,-34.45,150.4457,EXIST,,Many native dogs,"Said to have originally referred to a ""high, rocky, scrubby hill"" - may have been Mount Gibraltar (-34.46541,150.42803) or Mount Alexandra (-34.43953,150.45082).",,,,
179,MLMSS 7603 / Box 4 / Folder 2,143,a9820027,Dharawal,Exeter,Jum-buc-cum-be-an,Jembaicumbene,River; Town,-35.52861,149.78377,EXIST,,"The name of a creek and a tract of ""plane country""",,,,,
180,MLMSS 7603 / Box 4 / Folder 2,143,a9820027,Dharawal,Exeter,Que-an-be-an,Queanbeyan,River; City,-35.35367,149.23807,EXIST,,"The name of a river and a tract of ""plane country""",,,,,
183,MLMSS 7603 / Box 4 / Folder 2,143,a9820027,Dharawal,Exeter,Bung Bung,Bong Bong,Park,-34.52881,150.39214,EXIST,,Long tract of swampy country,,,,,
185,MLMSS 7603 / Box 4 / Folder 2,143,a9820027,Dharawal,Exeter,Cook-bun-doon,Cookbundoon Range,Mountain Range,-34.6652,149.8179,EXIST,,A high mountain range and chain of hills,,,,,
187,MLMSS 7603 / Box 4 / Folder 2,143,a9820027,Dharawal,Exeter,Manaro,Monaro,Region,-35.9907,149.1064,EXIST,,The navel,,,,,
188,MLMSS 7603 / Box 4 / Folder 2,143,a9820027,Dharawal,Exeter,Caloola,,,-35.5236,149.771,EXIST,,To climb,"Formerly the name of a landholding near Braidwood which has since been subdivided. Also the name of a hamlet and region near Blayney (-33.5983,149.4344).",,,,
190,MLMSS 7603 / Box 4 / Folder 3,307a,a9821119,"Eora, Darkinyung, Ku-ring-gai, Dharug",Sunny Corner,Nilliewa,Williwa Creek,River,-33.34394,149.96697,EXIST,,White or ring tail possum,Also a name given to a number of roads in the Portland area.,,,,
191,MLMSS 7603 / Box 4 / Folder 3,307a,a9821119,"Eora, Darkinyung, Ku-ring-gai, Dharug",Sunny Corner,Warree,Warree Creek,River,-33.366348,148.783882,EXIST,,Hornets or wasps,,,,,
192,MLMSS 7603 / Box 4 / Folder 3,307a,a9821119,"Eora, Darkinyung, Ku-ring-gai, Dharug",Sunny Corner,Tarana,Tarana,Village; District,-33.5262,149.9071,EXIST,,Large waterhole,,,,,
193,MLMSS 7603 / Box 4 / Folder 3,307a,a9821119,"Eora, Darkinyung, Ku-ring-gai, Dharug",Sunny Corner,Wallerawang,Wallerawang,Suburb,-33.4074,150.0679,EXIST,,Stinking turtle,,,,,
198,MLMSS 7603 / Box 4 / Folder 2,139,a9820022,"Wiradjuri, Dharug",Bathurst,Dubbo,Dubbo,City,-32.2482,148.6024,EXIST,,A covering for the head woven from possum fur,,,,,
200,MLMSS 7603 / Box 4 / Folder 2,139,a9820022,"Wiradjuri, Dharug",Bathurst,Merri Merri,Merri Merri Creek,River,-30.66246,147.771,EXIST,,The common dogs,,,,,
201,MLMSS 7603 / Box 4 / Folder 2,139,a9820022,"Wiradjuri, Dharug",Bathurst,Mumblebone,Mumblebone plain,Suburb,-31.502,147.6852,EXIST,,A native beech,"Formerly the name of a ""Parish"" district.",,,,
202,MLMSS 7603 / Box 4 / Folder 2,139,a9820022,"Wiradjuri, Dharug",Bathurst,Terramungamine,Terramungamine,Suburb,-32.0808,148.5055,EXIST,,Place of a broken thigh,,"Terra meaning ""Teeth""",Q499.15/548,,
213,MLMSS 7603 / Box 4 / Folder 2,149,a9820033,"Darkinyung, Ku-ring-gai",Gosford,Woy Woy,Woy Woy,Town,-33.4881,151.3275,EXIST,,Deep water,"Record specifies that this name is derived from ""Woy"" meaning ""water""; ""Woy Woy"" meaning ""deep water"".",,,,
214,MLMSS 7603 / Box 4 / Folder 2,149,a9820033,"Darkinyung, Ku-ring-gai",Gosford,Wyong,Wyong,Town,-33.2825,151.4257,EXIST,,Fresh running water,,,,,
215,MLMSS 7603 / Box 4 / Folder 2,149,a9820033,"Darkinyung, Ku-ring-gai",Gosford,Matong,Matong,Village,-34.7695,146.9216,EXIST,,Strong,"The recorder of this name concluded that it meant ""strong"" after observing that it had been applied to men who had shown extraordinary strength.",,,,
216,MLMSS 7603 / Box 4 / Folder 2,150,a9820034,"Darkinyung, Ku-ring-gai",Gosford,Coorumbene,Coorumbine Creek,River,-33.43161,151.3158,EXIST,,A pretty place,,,,,
217,MLMSS 7603 / Box 4 / Folder 2,150,a9820034,"Darkinyung, Ku-ring-gai",Gosford,Wallen,Wallen Mount,Peak,-32.0817,151.4012,EXIST,,Rain,,,,,
218,MLMSS 7603 / Box 4 / Folder 2,150,a9820034,"Darkinyung, Ku-ring-gai",Gosford,Tuggerah,Tuggerah,Suburb,-33.3039,151.4205,EXIST,,Cold,,,,,
219,MLMSS 7603 / Box 4 / Folder 2,150,a9820034,"Darkinyung, Ku-ring-gai",Gosford,Narara,Narara,Suburb,-33.3947,151.3445,EXIST,,A snake,,,,,
220,MLMSS 7603 / Box 4 / Folder 2,150,a9820034,"Darkinyung, Ku-ring-gai",Gosford,Patonga,Patonga,Peninsula; Suburb,-33.5521,151.2693,EXIST,,A small wallaby,,,,,
221,MLMSS 7603 / Box 4 / Folder 2,150,a9820034,"Darkinyung, Ku-ring-gai",Gosford,Warrah,Warrah Reserve,Park,-33.5538,151.3047,EXIST,,On the left hand,"Also refers to a lookout nearby (-33.55281,151.28893).",,,,
222,MLMSS 7603 / Box 4 / Folder 2,150,a9820034,"Darkinyung, Ku-ring-gai",Gosford,Geber Gunyah,Gunyah Point,Point; Beach,-33.57344,151.24294,EXIST,,Stone hut,May mean a cave used as a dwelling rather than a literal hut constructed of stones; therefore may have referred to a cave near Gunyah point.,"Gunya meaning ""Hut""",Q499.15/548,,
223,MLMSS 7603 / Box 4 / Folder 2,150,a9820034,"Darkinyung, Ku-ring-gai",Gosford,Gunderman,Gunderman,Suburb,-33.44,151.0678,EXIST,,A house,,,,,
224,MLMSS 7603 / Box 4 / Folder 2,150,a9820034,"Darkinyung, Ku-ring-gai",Gosford,Tumbi Umbi,Tumbi Umbi,Suburb,-33.365,151.4428,EXIST,,Place for big trees,,,,,
225,MLMSS 7603 / Box 4 / Folder 2,150,a9820034,"Darkinyung, Ku-ring-gai",Gosford,Ourimbah,Ourimbah,Suburb,-33.365,151.3677,EXIST,,Ring,May have referred to a ceremonial ground.,,,,
226,MLMSS 7603 / Box 4 / Folder 2,150,a9820034,"Darkinyung, Ku-ring-gai",Gosford,Toowon,Toowoon,Bay; Suburb; Point,-33.3599,151.5016,EXIST,,A small possum,,,,,
236,MLMSS 7603 / Box 4 / Folder 1,92,a9819094,"Geawegal, Guringay, Worimi",Clarence,Columbine,Columbine Mountain,Peak,-33.43047,148.85636,EXIST,,A hill where a certain vine grows,,,,,
239,MLMSS 7603 / Box 4 / Folder 1,92,a9819094,"Geawegal, Guringay, Worimi",Clarence,Gan Gad,Manning River,River,-31.91658,152.21641,EXIST,,A high mountain,,,,,
241,MLMSS 7603 / Box 4 / Folder 1,92,a9819094,"Geawegal, Guringay, Worimi",Clarence,Mundowie,Mundowi Firetrail,Trail,-33.64076,151.12431,EXIST,,Feet,,,,,
242,MLMSS 7603 / Box 4 / Folder 1,92,a9819094,"Geawegal, Guringay, Worimi",Clarence,Boro,Boro,Hamlet,-35.20862,149.70139,EXIST,,An ordinance making boys into men,,,,,
243,MLMSS 7603 / Box 4 / Folder 1,92,a9819094,"Geawegal, Guringay, Worimi",Clarence,Bardo,Bardo Street,Road,-33.78325,150.68392,EXIST,,Water,,"Bado or ""Bardo"" meaning ""Fresh Water""",Q499.15/548,,
244,MLMSS 7603 / Box 4 / Folder 1,92,a9819094,"Geawegal, Guringay, Worimi",Clarence,Marlo,Marlo Road,Road,-34.38619,150.90548,EXIST,,Thunder,,,,,
261,MLMSS 7603 / Box 4 / Folder 2,195,a9820085,Dharawal,Illawarra,Kiama,Kiama,Town; Beach,-34.6719,150.8553,EXIST,,Plenty,"Record notes that the name ""plenty"" is in reference to the fruit provided by a particular large fig tree on Kiama Beach.",,,,
262,MLMSS 7603 / Box 4 / Folder 2,195,a9820085,Dharawal,Illawarra,Cambewarra,Cambewarra,Village,-34.82185,150.55771,EXIST,,Fire hill,,,,,
263,MLMSS 7603 / Box 4 / Folder 2,195,a9820085,Dharawal,Illawarra,Geringong,Gerringong,Town,-34.7463,150.8279,EXIST,,"Fearful; or, I fear, myself",,,,,
264,MLMSS 7603 / Box 4 / Folder 2,195,a9820085,Dharawal,Illawarra,Illiwera,Illawarra,Region,-34.5227,150.8413,EXIST,,White clay,,,,,
265,MLMSS 7603 / Box 4 / Folder 2,195,a9820085,Dharawal,Illawarra,Illowra,Illawarra,Region,-34.5227,150.8413,EXIST,,"Beautiful, plentiful place",,,,,
267,MLMSS 7603 / Box 4 / Folder 2,195,a9820085,Dharawal,Illawarra,Berri Were,Bherwerre Beach,Beach,-35.1678,150.6269,EXIST,,"Make haste; or, a large stretch of water",,,,,
268,MLMSS 7603 / Box 4 / Folder 2,195,a9820085,Dharawal,Illawarra,Nowra,Nowra,Town,-34.8741,150.6005,EXIST,,You and me,,,,,
269,MLMSS 7603 / Box 4 / Folder 2,195,a9820085,Dharawal,Illawarra,Coolangatta,Coolangatta,Town,-34.8539,150.7227,EXIST,,Elbow hill; large hill,,,,,
270,MLMSS 7603 / Box 4 / Folder 2,195,a9820085,Dharawal,Illawarra,Bulla Bulla,Bulli,Suburb,-34.3329,150.9125,EXIST,,Two Mountains,Record specifies mountain names as Kembla and Keira.,,,,
271,MLMSS 7603 / Box 4 / Folder 2,195,a9820085,Dharawal,Illawarra,Bouderee,Jervis Bay,Bay,-35.0705,150.7341,EXIST,,Large fishing place,,,,,
272,MLMSS 7603 / Box 4 / Folder 2,195,a9820085,Dharawal,Illawarra,Coogee,Coogee,Bay; Beach; Suburb,-33.92067,151.25793,EXIST,,Rotten kelp,,"Kuji, ""Coogee"", or ""Kuja"" meaning ""Stinking, bad""",Q499.15/548,,
273,MLMSS 7603 / Box 4 / Folder 2,195,a9820085,Dharawal,Illawarra,Woolowa,Woolooware,Bay; Suburb,-34.0289,151.1455,EXIST,,Muddy flat,,,,,
274,MLMSS 7603 / Box 4 / Folder 2,195,a9820085,Dharawal,Illawarra,Pirrama,Pyrmont,Suburb,-33.8692,151.1925,EXIST,,Rocking stone,Record questions authenticity of name and meaning.,,,,
275,MLMSS 7603 / Box 4 / Folder 2,195,a9820085,Dharawal,Illawarra,Currambene,Currambene Creek,River,-34.986,150.6162,EXIST,,Heap of rocks,,,,,
276,MLMSS 7603 / Box 4 / Folder 2,195,a9820085,Dharawal,Illawarra,Wogle,Tom Uglys Point,Point,-34.00071,151.11481,EXIST,,One eye,Record notes that the traditional name of this place is said to commemorate a particular Aboriginal man.,,,,
278,MLMSS 7603 / Box 4 / Folder 4,362,a9822025,"Ku-ring-gai, Awabakal",Wyong,Wyong,Wyong,Town,-33.2825,151.4257,EXIST,,"Flowers, Christmas Bells","May refer to ""Blandfordia"", also known as ""Christmas Bells"".",,,,
279,MLMSS 7603 / Box 4 / Folder 4,362,a9822025,"Ku-ring-gai, Awabakal",Wyong,Tuggrah,Tuggerah,Suburb,-33.3039,151.4205,EXIST,,"Very cold, where two big waters meet",,,,,
280,MLMSS 7603 / Box 4 / Folder 4,362,a9822025,"Ku-ring-gai, Awabakal",Wyong,Yarramalong,Yarramalong,Suburb,-33.2233,151.2844,EXIST,,A place for wild horses,,,,,
281,MLMSS 7603 / Box 4 / Folder 4,362,a9822025,"Ku-ring-gai, Awabakal",Wyong,Jilliby Jailliby,Jilliby,Suburb; Creek,-33.2483,151.3845,EXIST,,Where two creeks meet,,,,,
283,MLMSS 7603 / Box 4 / Folder 4,362,a9822025,"Ku-ring-gai, Awabakal",Wyong,Kangy Angy,Kangy Angy,Suburb,-33.32,151.3997,EXIST,,A creek where mangroves grow,,,,,
284,MLMSS 7603 / Box 4 / Folder 4,322,a9822012,"Gathang, Birpai",Taree,Thurre,Taree,City,-31.9131,152.4607,EXIST,,Wild fig,,,,,
285,MLMSS 7603 / Box 4 / Folder 4,323,a9822013,"Gathang, Birpai",Taree,Tareebin,Taree,City,-31.9131,152.4607,EXIST,,Fruit of fig tree,,,,,
286,MLMSS 7603 / Box 4 / Folder 4,323,a9822013,"Gathang, Birpai",Taree,Turahbumbuu,Purfleet,Suburb,-31.9433,152.4675,EXIST,,Long grass,,,,,
287,MLMSS 7603 / Box 4 / Folder 4,323,a9822013,"Gathang, Birpai",Taree,Kundil,Cundletown,Suburb,-31.8816,152.5178,EXIST,,Wild turnip,,,,,
288,MLMSS 7603 / Box 4 / Folder 4,323,a9822013,"Gathang, Birpai",Taree,Mutuh,Moto,Suburb,-31.8483,152.6011,EXIST,,Black snake,,,,,
289,MLMSS 7603 / Box 4 / Folder 4,323,a9822013,"Gathang, Birpai",Taree,Muudrook,Mondrook,Suburb,-31.915,152.4178,EXIST,,A place for frogs,,,,,
291,MLMSS 7603 / Box 4 / Folder 4,323,a9822013,"Gathang, Birpai",Taree,Gearywah,Black Head,Point; Beach; Suburb,-32.0722,152.5461,EXIST,,A type of lizard,,,,,
293,MLMSS 7603 / Box 4 / Folder 4,323,a9822013,"Gathang, Birpai",Taree,Wombormbur,Forster,Town,-32.1822,152.5131,EXIST,,Kangaroo,,,,,
294,MLMSS 7603 / Box 4 / Folder 4,323,a9822013,"Gathang, Birpai",Taree,Tinobah,Tinonee,Suburb,-31.9404,152.4126,EXIST,,A shark,,,,,
295,MLMSS 7603 / Box 4 / Folder 4,323,a9822013,"Gathang, Birpai",Taree,Jular,Bungwahl,Village,-32.3869,152.4451,EXIST,,Native bear,,,,,
297,MLMSS 7603 / Box 4 / Folder 4,323,a9822013,"Gathang, Birpai",Taree,Kiwarrick,Kiwarric Mountain,Peak,-31.99186,152.29852,EXIST,,A hump and a hollow on top of mountain,,,,,
298,MLMSS 7603 / Box 4 / Folder 4,323,a9822013,"Gathang, Birpai",Taree,Kimbriki,Kimbriki,Suburb,-31.915,152.2678,EXIST,,A place for a kind of water weed,,,,,
299,MLMSS 7603 / Box 4 / Folder 4,323,a9822013,"Gathang, Birpai",Taree,Botoowa,Bootawa,Suburb,-31.9317,152.3678,EXIST,,Small brown long tail brush pigeon,,,,,
300,MLMSS 7603 / Box 4 / Folder 4,323,a9822013,"Gathang, Birpai",Taree,Burrill,Burrell Creek,Suburb,-31.9483,152.2737,EXIST,,A tree with a green leaf that has a white underside,,,,,
301,MLMSS 7603 / Box 4 / Folder 4,323,a9822013,"Gathang, Birpai",Taree,Kundibakh,Kundibakh,Suburb,-31.9817,152.2594,EXIST,,Apple tree,,,,,
303,MLMSS 7603 / Box 4 / Folder 4,323,a9822013,"Gathang, Birpai",Taree,Krambakh,Krambach,Village,-32.0521,152.2606,EXIST,,The bark of a gum tree used to make torches,,,,,
304,MLMSS 7603 / Box 4 / Folder 4,323,a9822013,"Gathang, Birpai",Taree,Cocumbakh,Coocumbac,Island,-31.92046,152.45475,EXIST,,Large broad leaf fig tree,,,,,
305,MLMSS 7603 / Box 4 / Folder 4,323,a9822013,"Gathang, Birpai",Taree,Brimbin,Brimbin,Suburb,-31.84,152.4511,EXIST,,Cluster of stringbark trees,,,,,
306,MLMSS 7603 / Box 4 / Folder 4,323,a9822013,"Gathang, Birpai",Taree,Nabiac,Nabiac,Town,-32.0984,152.3776,EXIST,,Long narrow leafed fig tree,,,,,
307,MLMSS 7603 / Box 4 / Folder 4,323,a9822013,"Gathang, Birpai",Taree,Bunyah,Bunyah,Village,-32.1641,152.2189,EXIST,,White mahogany tree,,"Bunya meaning ""Prickly Ti-tree""",Q499.15.548,,
308,MLMSS 7603 / Box 4 / Folder 4,323,a9822013,"Gathang, Birpai",Taree,Tigerah,Tigrah Road,Road,-31.79663,151.94345,EXIST,,Ironbark tree,,,,,
309,MLMSS 7603 / Box 4 / Folder 4,323,a9822013,"Gathang, Birpai",Taree,Cathumbul,Khatambuhl,Suburb,-31.7984,152.0177,EXIST,,A sheet of bark,,,,,
310,MLMSS 7603 / Box 4 / Folder 4,323,a9822013,"Gathang, Birpai",Taree,Keelabakh,Killabakh,Suburb,-31.7317,152.4011,EXIST,,Blue gum tree,,,,,
312,MLMSS 7603 / Box 4 / Folder 4,323,a9822013,"Gathang, Birpai",Taree,Bulga,Bulga Forest,Suburb,-31.5483,152.2678,EXIST,,Mountain,,"Bulga-gili meaning ""Humpback""",Q499.15.548,,
313,MLMSS 7603 / Box 4 / Folder 4,323,a9822013,"Gathang, Birpai",Taree,Marlee,Marlee,Suburb,-31.78167,152.31778,EXIST,,An elder tree,,,,,
314,MLMSS 7603 / Box 4 / Folder 4,323,a9822013,"Gathang, Birpai",Taree,Killawarra,Killawarra,Suburb,-31.915,152.3178,EXIST,,A scrub,,,,,
315,MLMSS 7603 / Box 4 / Folder 5,376,a9823003,"Gathang, Birpai",Kimbriki,Kimbrikite,Kimbriki,Suburb,-31.915,152.2678,EXIST,,Having kimbri - a grasslike water weed growing in rivers,,,,,
316,MLMSS 7603 / Box 4 / Folder 5,376,a9823003,"Gathang, Birpai",Kimbriki,Crokite,Croki,Village,-31.87361,152.59361,EXIST,,Having bullrout fish,,,,,
317,MLMSS 7603 / Box 4 / Folder 5,376,a9823003,"Gathang, Birpai",Kimbriki,Tareebil,Taree,City,-31.9131,152.4607,EXIST,,The fruit of the rough leaved fig,,,,,
318,MLMSS 7603 / Box 4 / Folder 5,376,a9823003,"Gathang, Birpai",Kimbriki,Cookunebakh,Coocumbac,Island,-31.92046,152.45475,EXIST,,One fig tree,,,,,
320,MLMSS 7603 / Box 4 / Folder 5,376,a9823003,"Gathang, Birpai",Kimbriki,Kundibakh,Kundibakh,Suburb,-31.9817,152.2594,EXIST,,Apple tree,,,,,
323,MLMSS 7603 / Box 4 / Folder 5,376,a9823003,"Gathang, Birpai",Kimbriki,Kooringhite,Koorainghat,Suburb,-31.9817,152.4845,EXIST,,Having skins,,,,,
324,MLMSS 7603 / Box 4 / Folder 5,376,a9823003,"Gathang, Birpai",Kimbriki,Boreembeet,Brimbin,Suburb,-31.84,152.4511,EXIST,,A clump of stringybark,,,,,
325,MLMSS 7603 / Box 4 / Folder 5,376,a9823003,"Gathang, Birpai",Kimbriki,Marlee,Marlee,Suburb,-31.78167,152.31778,EXIST,,The name of a tree,,,,,
326,MLMSS 7603 / Box 4 / Folder 5,376,a9823003,"Gathang, Birpai",Kimbriki,Coolong Coolongite,Coolongolook,Village,-32.2172,152.3219,EXIST,,Having bats,,,,,
327,MLMSS 7603 / Box 4 / Folder 5,376,a9823003,"Gathang, Birpai",Kimbriki,Wang Wauk,Wang Wauk,Suburb; River,-32.1423,152.2917,EXIST,,Flying fox,,,,,
328,MLMSS 7603 / Box 4 / Folder 5,376,a9823003,"Gathang, Birpai",Kimbriki,Bungwahl,Bungwahl,Village,-32.3869,152.4451,EXIST,,Edible fern,,,,,
329,MLMSS 7603 / Box 4 / Folder 5,376,a9823003,"Gathang, Birpai",Kimbriki,Yankinghite,,Locality,-31.9068,152.2012,EXIST,,Having Reeds,"An area that was once commonly known as ""Woodside"" and may have included the area now known as ""Mount George"" (-31.8819,152.1801).",,,,
330,MLMSS 7603 / Box 4 / Folder 5,376,a9823003,"Gathang, Birpai",Kimbriki,Burrill,Burrell Creek,Suburb,-31.9483,152.2737,EXIST,,Yellow,,,,,
331,MLMSS 7603 / Box 4 / Folder 5,376,a9823003,"Gathang, Birpai",Kimbriki,Buckut,Gloucester Bucketts,Mountain Range,-32.02,151.9267,EXIST,,A stone,The name is also given to a number of roads in the area.,,,,
332,MLMSS 7603 / Box 4 / Folder 5,376,a9823003,"Gathang, Birpai",Kimbriki,Bucklebah,Bucklebah,Landholding,-31.903256,152.254456,EXIST,,Abounding in brown snakes,,,,,
333,MLMSS 7603 / Box 4 / Folder 5,376,a9823003,"Gathang, Birpai",Kimbriki,Karrak,Karaak Flat,Suburb,-31.9158,152.3014,EXIST,,Spittle,,,,,
334,MLMSS 7603 / Box 4 / Folder 5,376,a9823003,"Gathang, Birpai",Kimbriki,Buckawackah,Bucca Wauka,Suburb,-32.0984,152.1511,EXIST,,To crawl on your hands and knees,,,,,
335,MLMSS 7603 / Box 4 / Folder 5,376,a9823003,"Gathang, Birpai",Kimbriki,Moto,Moto,Suburb,-31.8483,152.6011,EXIST,,Black snake,,,,,
338,MLMSS 7603 / Box 4 / Folder 5,376,a9823003,"Gathang, Birpai",Kimbriki,Killawarrie,Killawarra,Suburb,-31.915,152.3178,EXIST,,Forest oak,,,,,
339,MLMSS 7603 / Box 4 / Folder 5,376,a9823003,"Gathang, Birpai",Kimbriki,Bootawho,Bootawa,Suburb,-31.9317,152.3678,EXIST,,Water rat,,,,,
354,MLMSS 7603 / Box 4 / Folder 3,259,a9821068,Dharug,Penrith,Kedumba,Katoomba,Town,-33.71241,150.31186,EXIST,,Falling water,"Record specifies the approximation of ""Katoomba"" for ""Kedumba"".",,,,
355,MLMSS 7603 / Box 4 / Folder 3,259,a9821068,Dharug,Penrith,Euroka,Euroka,Hamlet,-33.7483,150.2344,EXIST,,The sun,,,,,
356,MLMSS 7603 / Box 4 / Folder 3,259,a9821068,Dharug,Penrith,Yarramundi,Yarramundi,Suburb,-33.63167,150.66778,EXIST,,Deep water,,,,,
361,MLMSS 7603 / Box 4 / Folder 3,261,a9821070,Dharug,Windsor,Euroka,Euroka,Hamlet,-33.7483,150.2344,EXIST,,Sun,,,,,
362,MLMSS 7603 / Box 4 / Folder 3,261,a9821070,Dharug,Windsor,Kurrajong,Kurrajong,Town,-33.5121,150.7008,EXIST,,Shade tree,,,,,
363,MLMSS 7603 / Box 4 / Folder 3,261,a9821070,Dharug,Windsor,Yarramundi,Yarramundi,Suburb,-33.6472,150.6504,EXIST,,Horse with big hoof,,,,,
364,MLMSS 7603 / Box 4 / Folder 3,261,a9821070,Dharug,Windsor,Mogo,Mogo,Hamlet,-35.783,150.1426,EXIST,,Tomahawk,,Edge-ground hatchet,Q499.15/548,,
375,MLMSS 7603 / Box 4 / Folder 3,266,a9821075,Dharug,Liverpool,Kurranulla,Cronulla,Bay; Beach; Suburb,-34.05544,151.15487,EXIST,,A small pink coloured seashell,,,,,
376,MLMSS 7603 / Box 4 / Folder 3,266,a9821075,Dharug,Liverpool,Gymea,Gymea,Suburb,-34.03491,151.08535,EXIST,,A small bird,,,,,
378,MLMSS 7603 / Box 4 / Folder 3,266,a9821075,Dharug,Liverpool,Yowi,Yowie Bay,Bay; Suburb,-34.05422,151.10835,EXIST,,"Echo of a ""cooee""",,,,,
380,MLMSS 7603 / Box 4 / Folder 3,270,a9821079,"Dharawal, Dharug, Gundungurra",Picton,Coolong,Coolong,Landholding,-33.782586,149.889223,EXIST,,Wombat goes in,,,,,
381,MLMSS 7603 / Box 4 / Folder 3,270,a9821079,"Dharawal, Dharug, Gundungurra",Picton,Werriberrie,Lake Werri Berri,Lake,-34.22321,150.54145,EXIST,,Tree fern creek,,,,,
386,MLMSS 7603 / Box 4 / Folder 3,270,a9821079,"Dharawal, Dharug, Gundungurra",Picton,Kowmung,Kowmung River,River,-33.99854,150.20809,EXIST,,Scum on the eye,,,,,
390,MLMSS 7603 / Box 4 / Folder 3,270,a9821079,"Dharawal, Dharug, Gundungurra",Picton,Yerranderie,Yerranderie,Hamlet; Park,-34.115,150.21778,EXIST,,The sharp peak,"Yerranderie was at one time in history a mining village, but due to geographical and political changes was deserted, and is now National Park land.",,,,
395,MLMSS 7603 / Box 4 / Folder 3,270,a9821079,"Dharawal, Dharug, Gundungurra",Picton,Wombeyan,Wombeyan Caves,Cave,-34.3168,149.9833,EXIST,,Caves,,"Yan meaning ""To go""",Q499.15/548,,
396,MLMSS 7603 / Box 4 / Folder 3,270,a9821079,"Dharawal, Dharug, Gundungurra",Picton,Benomera,Jenolan Caves,Cave,-33.8168,150.0334,EXIST,,Holes,,,,,
398,MLMSS 7603 / Box 4 / Folder 3,271,a9821080,"Dharawal, Dharug, Gundungurra",Berrima,Bundanoon,Bundanoon,Town,-34.6562,150.2997,EXIST,,Big gullies,,"Bunda meaning ""Hawk""",Q499.15.548,,
399,MLMSS 7603 / Box 4 / Folder 3,271,a9821080,"Dharawal, Dharug, Gundungurra",Berrima,Bong Bong,Bong Bong,Park,-34.52881,150.39214,EXIST,,Many frogs,,,,,
400,MLMSS 7603 / Box 4 / Folder 3,271,a9821080,"Dharawal, Dharug, Gundungurra",Berrima,Kareela,Kareela,Suburb,-34.01576,151.08127,EXIST,,Southerly wind,,,,,
401,MLMSS 7603 / Box 4 / Folder 3,271,a9821080,"Dharawal, Dharug, Gundungurra",Berrima,Yarrunga,Yarrunga,Hamlet,-34.58167,150.43445,EXIST,,Large trees,,,,,
402,MLMSS 7603 / Box 4 / Folder 3,273,a9821082,Dharawal,Wollongong,Illawurra,Illawarra,Region,-34.5227,150.8413,EXIST,,"High place near the sea - ""warra"" meaning ""a mountain"" or ""high place"".",,,,http://www.environment.nsw.gov.au/resources/cultureheritage/illawarraAboriginalHistoryPoster.pdf,
403,MLMSS 7603 / Box 4 / Folder 3,273,a9821082,Dharawal,Wollongong,Cambewarra,Cambewarra,Village,-34.82185,150.55771,EXIST,,"A mountain of fire - ""warra"" meaning ""a mountain"" or ""high place"" and ""cambee"" or ""kambee"" meaning fire.",Record specifies that this place is named for a seam of coal that was at one time known to intermittently catch alight.,,,,
404,MLMSS 7603 / Box 4 / Folder 3,273,a9821082,Dharawal,Wollongong,Nwoolyarngungh,Wollongong,City,-34.425,150.8945,EXIST,,See! The monster comes!,Record mentions a notion that this name is derived from an exclamation of surprise on seeing a European ship from the shore.,,,,
405,MLMSS 7603 / Box 4 / Folder 3,273,a9821082,Dharawal,Wollongong,Mooli,Bulli,Suburb,-34.3329,150.9125,EXIST,,Christmas tree,,,,,
406,MLMSS 7603 / Box 4 / Folder 3,273,a9821082,Dharawal,Wollongong,Wurrhrurrha,Woonona,Suburb; Peak; Beach,-34.3456,150.9042,EXIST,,A place where young wallabies rested,,,,,
407,MLMSS 7603 / Box 4 / Folder 3,273,a9821082,Dharawal,Wollongong,Unundurra,Unanderra,Suburb,-34.457,150.8442,EXIST,,The junction of two creeks,,,,,
408,MLMSS 7603 / Box 4 / Folder 3,273,a9821082,Dharawal,Wollongong,Gheera,Mount Keira,Peak; Suburb,-34.4026,150.85565,EXIST,,A wild turkey,"This name refers not only to the peak of Mount Keira but also to the surrounding suburb of Mount Keira (-34.4056,150.8536) and additionally to the more coastal nearby suburb of Keiraville (-34.4083,150.8710).",,,,
409,MLMSS 7603 / Box 4 / Folder 3,273,a9821082,Dharawal,Wollongong,Jumbullah,Mount Kembla,Peak; Suburb,-34.44219,150.80671,EXIST,,Plenty of wild game,"This name refers not only to the peak of Mount Kembla but also to the nearby suburb of the same name (-34.4354,150.8272).",,,,
410,MLMSS 7603 / Box 4 / Folder 3,273,a9821082,Dharawal,Wollongong,Mirregarng,Minnegang Street,Road,-34.48696,150.87548,EXIST,,Go back! Go back!,,,,,
411,MLMSS 7603 / Box 4 / Folder 3,273,a9821082,Dharawal,Wollongong,Wollumii,Wollamai Point,Point; Park,-34.48786,150.85885,EXIST,,Look around you! Keep your eyes open! Look out!,,"Mai meaning ""Eye""",Q499.15/548,,
412,MLMSS 7603 / Box 4 / Folder 3,273,a9821082,Dharawal,Wollongong,Burry Burry,Purry Burry Point,Point,-34.49817,150.8751,EXIST,,A boy's playground,,,,,
413,MLMSS 7603 / Box 4 / Folder 3,273,a9821082,Dharawal,Wollongong,Kooracgulla,Korongulla,Locality,-34.5067,150.8844,EXIST,,"Good morning, brother",,,,,
414,MLMSS 7603 / Box 4 / Folder 3,273,a9821082,Dharawal,Wollongong,Cudjha,Cudgeree,Island,-34.52939,150.86053,EXIST,,Raw flesh,,,,,
415,MLMSS 7603 / Box 4 / Folder 3,273,a9821082,Dharawal,Wollongong,Jeedbowley,Judbowley Point,Point,-34.53369,150.86601,EXIST,,A place where the King prayed for fine weather,"The name of this point is also given to the nearby road ""Judbooley Parade"".",,,,
416,MLMSS 7603 / Box 4 / Folder 3,273,a9821082,Dharawal,Wollongong,Wee-e-dungh,Werrang,Point,-34.53692,150.86636,EXIST,,Coral tree,"What is now a small peninsula where Shellharbour Road extends from the suburb of Lake Illawarra to Windang Bridge may once have been a small island called ""Werrang"" or ""Wee-e-dungh"".",,,,
418,MLMSS 7603 / Box 4 / Folder 3,273,a9821082,Dharawal,Wollongong,Bahrwarra,Berawarra,Headland,-34.5322,150.8706,EXIST,,Narrow leafed fig tree,"This may have been the name of a reservation established at this location by the NSW ""Board for the Protection of Aborigines"".",,,,
419,MLMSS 7603 / Box 4 / Folder 3,273,a9821082,Dharawal,Wollongong,Kurrawah,Kurrakwah Bay,Bay,-34.5422,150.8776,EXIST,,Stingray,,,,,
420,MLMSS 7603 / Box 4 / Folder 3,273,a9821082,Dharawal,Wollongong,Ki Yong,Reddall Reserve,Beach,-34.5439,150.8688,EXIST,,A big beach of sand,,,,,
421,MLMSS 7603 / Box 4 / Folder 3,273,a9821082,Dharawal,Wollongong,Pur Pur,Pur Pur Bay,Bay,-34.5449,150.8714,EXIST,,A place where the ceremony of making youth into men was carried out,"A nearby road, Pur Pur Avenue (-34.54453,150.86719), takes its name from this bay.",,,,
422,MLMSS 7603 / Box 4 / Folder 3,273,a9821082,Dharawal,Wollongong,Windang,Windang,Suburb; Headland,-34.5276,150.8711,EXIST,,The scene of a fight,,,,,
423,MLMSS 7603 / Box 4 / Folder 3,273,a9821082,Dharawal,Wollongong,Terragong,Terragong,Region,-34.6485,150.8179,EXIST,,A place where vines were collected,"This area was once a natural flood plain known as ""Terragong Swamp"" that was drained for dairy farming in the late 19th century. It also remains the name given to a landholding in the area (-34.655367,150.810378) dating to the mid 19th century.","Terra meaning ""Teeth""",Q499.15/548,,
424,MLMSS 7603 / Box 4 / Folder 3,273,a9821082,Dharawal,Wollongong,Why Juck,Whyjuck Bay,Bay,-34.54023,150.84648,EXIST,,A squirrel,May refer to a squirrel glider or sugar glider.,,,,
425,MLMSS 7603 / Box 4 / Folder 3,273,a9821082,Dharawal,Wollongong,Worragallar,Mt Warrigal,Suburb; Peak,-34.54850006,150.8428955,EXIST,,A native dog crossing a stream,"Record specifies the name of this location as ""Worragallar Rock"".",,,,
426,MLMSS 7603 / Box 4 / Folder 3,273,a9821082,Dharawal,Wollongong,Boonerah,Boonerah Point,Point,-34.54295,150.83772,EXIST,,A meeting place,,,,,
427,MLMSS 7603 / Box 4 / Folder 3,273,a9821082,Dharawal,Wollongong,Karroo,Karoo Bay,Bay,-34.5573,150.8255,EXIST,,Clouds,"Also the name given to a nearby point (-34.5569,150.8294).",,,,
428,MLMSS 7603 / Box 4 / Folder 3,273,a9821082,Dharawal,Wollongong,Burroo,Burroo Bay,Bay,-34.5572,150.8137,EXIST,,Tired,"Also the name given to a nearby point (-34.55333,150.83427).",,,,
429,MLMSS 7603 / Box 4 / Folder 3,274,a9821083,Dharawal,Wollongong,Mogurah,Mogurah Point,Point,-34.55389,150.81808,EXIST,,To part,,,,,
430,MLMSS 7603 / Box 4 / Folder 3,274,a9821083,Dharawal,Wollongong,Yankar,Yangar Point,Point,-34.55359,150.81655,EXIST,,My son,,,,,
431,MLMSS 7603 / Box 4 / Folder 3,274,a9821083,Dharawal,Wollongong,Gerongah,Gerongar Point,Point,-34.546,150.8048,EXIST,,A root possessing medicinal properties,,,,,
434,MLMSS 7603 / Box 4 / Folder 3,274,a9821083,Dharawal,Wollongong,Guroura,Kurrura Point,Point,-34.5573,150.8079,EXIST,,A place frequented by possums,,,,,
435,MLMSS 7603 / Box 4 / Folder 3,274,a9821083,Dharawal,Wollongong,Gaijong,Nijong Bay,Bay,-34.5357,150.8115,EXIST,,That fellow!,"Record specifies that this was a term of contempt. This bay is at the outlet of Wollingurry Creek or what is sometimes called ""Duck Creek"".","Nijong meaning ""Water""",Q499.15/548,,
436,MLMSS 7603 / Box 4 / Folder 3,274,a9821083,Dharawal,Wollongong,Wollungurry,Wollingurry Point,Point,-34.5341,150.8128,EXIST,,The crossing place over water,,,,,
437,MLMSS 7603 / Box 4 / Folder 3,274,a9821083,Dharawal,Wollongong,Pith Thunguh,Pith-Thung-Nar Bay,Bay,-34.5199,150.8138,EXIST,,A place plentiful with oysters,,,,,
438,MLMSS 7603 / Box 4 / Folder 3,274,a9821083,Dharawal,Wollongong,Bombery,Boomberry Point,Point,-34.5139,150.8169,EXIST,,Sea weeds,,,,,
439,MLMSS 7603 / Box 4 / Folder 3,274,a9821083,Dharawal,Wollongong,Gkoonawarra,Koonawarra Bay,Bay,-34.5069,150.8174,EXIST,,A point of land covered with smooth round stones,,,,,
440,MLMSS 7603 / Box 4 / Folder 3,274,a9821083,Dharawal,Wollongong,Woo Roo,Woo Roo,Point,-34.5028,150.8152,EXIST,,A place where rushes grow in large quantities,,,,,
441,MLMSS 7603 / Box 4 / Folder 3,274,a9821083,Dharawal,Wollongong,Kanahooka,Kanahooka Point,Point,-34.50447,150.82983,EXIST,,A battle ground,,,,,
442,MLMSS 7603 / Box 4 / Folder 3,274,a9821083,Dharawal,Wollongong,Koong Burry,Koong Burry Bay,Bay,-34.49,150.8335,EXIST,,A weed floating on the water,,,,,
443,MLMSS 7603 / Box 4 / Folder 3,274,a9821083,Dharawal,Wollongong,Tallawarra,Tallawarra Point,Point,-34.51869,150.81905,EXIST,,A slippery place,,,,,
444,MLMSS 7603 / Box 4 / Folder 3,274,a9821083,Dharawal,Wollongong,Illowra,Red Point; Hill 60,Point,-34.4923,150.917,EXIST,,A white fish eagle,,,,,
445,MLMSS 7603 / Box 4 / Folder 3,274,a9821083,Dharawal,Wollongong,Jerrungarngh,Gerringong,Town,-34.7463,150.8279,EXIST,,An ambush,"Record specifies that this kind of ambush ""refers to one met with in a tribal fight"".","Jerrun meaning ""Afraid""",Q499.15/548,,
446,MLMSS 7603 / Box 4 / Folder 3,276,a9821085,Dharawal,Kiama,Thumbon,Bombo,Suburb; Beach; Headland,-34.6514,150.8604,EXIST,,"Named after King Thumbon, a great warrior who was born there",,,,,
447,MLMSS 7603 / Box 4 / Folder 3,276,a9821085,Dharawal,Kiama,Booro,Yallah,Suburb,-34.5418,150.7842,EXIST,,Kangaroos,,,,,
449,MLMSS 7603 / Box 4 / Folder 3,276,a9821085,Dharawal,Kiama,Calwalla,Calwalla,Hamlet,-34.565,150.4845,EXIST,,Water running out,,,,,
450,MLMSS 7603 / Box 4 / Folder 3,276,a9821085,Dharawal,Kiama,Cringila,Cringila,Suburb,-34.4703,150.8667,EXIST,,Pipe clay,"Record specifies that pipe clay that was found at this location was used for ""tattoo"" or ""war paint"".",,,,
453,MLMSS 7603 / Box 4 / Folder 3,276,a9821085,Dharawal,Kiama,Kiaremia,Kiama,Town; Beach,-34.6719,150.8553,EXIST,,Fish may be caught from the rocks there,,,,,
454,MLMSS 7603 / Box 4 / Folder 3,276,a9821085,Dharawal,Kiama,Minnamurra,Minnamurra,River; Suburb,-34.62667,150.84973,EXIST,,Plenty of fish,Record specifies that this location name refers to a river,,,,
456,MLMSS 7603 / Box 4 / Folder 3,276,a9821085,Dharawal,Kiama,Tabbigong,Tabbagong,Landholding,-34.611809,150.789902,EXIST,,A particular fish that was caught at this place,,,,,
457,MLMSS 7603 / Box 4 / Folder 3,276,a9821085,Dharawal,Kiama,Tullimbar,Tullimbar,Suburb,-34.5761,150.7345,EXIST,,Black apple tree,,,,,
458,MLMSS 7603 / Box 4 / Folder 3,276,a9821085,Dharawal,Kiama,Tongarra,Tongarra,Suburb,-34.578124,150.694114,EXIST,,Bread Flat,"Record specifies that a variety of ""cabbage palm"" grew in this area which had a ""heart"" that was edible as ""bread"".",,,,
460,MLMSS 7603 / Box 4 / Folder 3,278,a9821087,Dharawal,Nowra,Brinawa,Brinawarr Street,Road,-34.85496,150.60212,EXIST,,A place where rock lilies grow,,,,,
463,MLMSS 7603 / Box 4 / Folder 3,278,a9821087,Dharawal,Nowra,Coomunderry,Coomonderry Ridge,Road,-34.78951,150.76735,EXIST,,A small narrow hill,"This name is also given to a nearby wetland (-34.8072,150.7418).",,,,
467,MLMSS 7603 / Box 4 / Folder 3,278,a9821087,Dharawal,Nowra,Meanderry,Sussex Inlet,Inlet,-35.1794,150.5922,EXIST,,An inlet at Jervis Bay,,,,,
468,MLMSS 7603 / Box 4 / Folder 3,278,a9821087,Dharawal,Nowra,Kangaloola,Kangaloolah Creek,River,-34.287288,149.396832,EXIST,,Kangaroo hunting ground,,,,,
472,MLMSS 7603 / Box 4 / Folder 3,278,a9821087,Dharawal,Nowra,Bangalee,Bangalee,Suburb,-34.8409,150.5416,EXIST,,A sandy beach,,,,,
473,MLMSS 7603 / Box 4 / Folder 3,278,a9821087,Dharawal,Nowra,Bundara,Bundara,Landholding,-34.780597,150.736625,EXIST,,A cluster of trees at the edge of a swamp,,"Bunda meaning ""Hawk""; ""Dara"" meaning ""Thigh""",Q499.15.548,,
474,MLMSS 7603 / Box 4 / Folder 3,278,a9821087,Dharawal,Nowra,Nowra,Nowra,Town,-34.8741,150.6005,EXIST,,Two (you and me),,,,,
475,MLMSS 7603 / Box 4 / Folder 3,278,a9821087,Dharawal,Nowra,Coorangatta,Coolangatta Mountain,Peak,-34.84505,150.71835,EXIST,,A Mountain at Coolangatta,,,,,
476,MLMSS 7603 / Box 4 / Folder 3,278,a9821087,Dharawal,Nowra,Elouera,Illawarra,Region,-34.5227,150.8413,EXIST,,Good Camping ground near the seaside,,,,,
477,MLMSS 7603 / Box 4 / Folder 3,278,a9821087,Dharawal,Nowra,Booderee,Booderee,Bay Mouth,-35.1025,150.7386,EXIST,,Entrance to Jervis Bay between the Heads,,,,,
478,MLMSS 7603 / Box 4 / Folder 3,278,a9821087,Dharawal,Nowra,Bulla,Bulli,Suburb,-34.3329,150.9125,EXIST,,Two Mountains at Bulli,,,,,
480,MLMSS 7603 / Box 4 / Folder 3,278,a9821087,Dharawal,Nowra,Cooroombong,Currumbene Creek,River,-35.00924,150.65889,EXIST,,Creek with rocky bottom,,,,,
481,MLMSS 7603 / Box 4 / Folder 3,278,a9821087,Dharawal,Nowra,Woolamia,Woollamia,Village,-35.0188,150.6597,EXIST,,Schnapper fishing place,,,,,
483,MLMSS 7603 / Box 4 / Folder 3,278,a9821087,Dharawal,Nowra,Kiarama,Kiarama Avenue,Road,-34.63804,150.85164,EXIST,,Fig tree near Kiama,,,,,
484,MLMSS 7603 / Box 4 / Folder 3,278,a9821087,Dharawal,Nowra,Coogee,Coogee,Bay; Beach; Suburb,-33.92067,151.25793,EXIST,,Stinking place near Sydney,,,,,
487,MLMSS 7603 / Box 4 / Folder 3,278,a9821087,Dharawal,Nowra,Cambewarra,Cambewarra Mountain,Peak,-34.7985,150.5846,EXIST,,Big fire on a mountain,"This place also gives its name to a nearby village (-34.8218,150.5577).",,,,
488,MLMSS 7603 / Box 4 / Folder 3,278,a9821087,Dharawal,Nowra,Terara,Terara,Locality,-34.8703,150.6317,EXIST,,A scrubby place,This area was once the location of the town that is now known as Nowra.,,,,
489,MLMSS 7603 / Box 4 / Folder 3,278,a9821087,Dharawal,Nowra,Bellawongarah,Bellawongarah,Suburb,-34.7592,150.6149,EXIST,,Camping place in the mountains,,,,,
491,MLMSS 7603 / Box 4 / Folder 3,278,a9821087,Dharawal,Nowra,Wandrawandian,Wandandian,Village,-35.0874,150.5107,EXIST,,Home of the lost lovers,"Wandrawandian is the historical name of what was once a ""Parish"" district (-35.065,150.551111) near current day Wandandian.",,,,
493,MLMSS 7603 / Box 4 / Folder 3,294,a9821103,"Wiradjuri, Dharug, Gundungurra",Rockley,Cobberah,Cobborah,Village,-32.0666,149.25,EXIST,,The head,This name was also once used to describe a broader surrounding area that was a local government district.,,,,
496,MLMSS 7603 / Box 4 / Folder 3,291,a9821100,Dharawal,Robertson,Burrawong,Burrawang,Village,-34.5935,150.5175,EXIST,,Native Palm (Macrozamia communis),,"Burra meaning ""Eel"" or ""Mouth""; ""Burrawal"" meaning ""Sea""",Q499.15.548,,
497,MLMSS 7603 / Box 4 / Folder 3,308,a9821120,"Dharawal, Gundungurra",South Sydney,C?og?r?h,Kogarah,Suburb; Bay,-33.9682,151.1354,EXIST,,Reedy Swamp,,,,http://www.sl.nsw.gov.au/collection-items/last-georges-river-tribe-nsw,
498,MLMSS 7603 / Box 4 / Folder 3,308,a9821120,"Dharawal, Gundungurra",South Sydney,Illawarra,Illawarra,Region,-34.5227,150.8413,EXIST,,"Lake or calm water, as compared with the ocean",,,,,
499,MLMSS 7603 / Box 4 / Folder 3,308,a9821120,"Dharawal, Gundungurra",South Sydney,Gunyah,Gunyah Point,Point; Beach,-33.57344,151.24294,EXIST,,Shelter or hut,,,,,
500,MLMSS 7603 / Box 4 / Folder 3,308,a9821120,"Dharawal, Gundungurra",South Sydney,Mi Mi,MiMi Street,Road,-33.97903,151.07416,EXIST,,Hut,This particular word of an Aboriginal language may not have originated as part of a Sydney area language.,,,,
501,MLMSS 7603 / Box 4 / Folder 3,308,a9821120,"Dharawal, Gundungurra",South Sydney,Yarran,Yarran Road,Road,-33.98843,151.07506,EXIST,,A kind of shrub or plant,There are a number of roads with this name in the Sydney area.,,,,
508,MLMSS 7603 / Box 4 / Folder 3,309,a9821121,"Dharawal, Gundungurra",South Sydney,Yumba Yumba,Botany Beach,Beach,-33.95576,151.19589,EXIST,,White Cockatoo,,,,http://acmssearch.sl.nsw.gov.au/search/itemLargeCopyright.cgi?itemID=1020225&size=full&album=1&collection=1014726&parent=995907,
509,MLMSS 7603 / Box 4 / Folder 3,309,a9821121,"Dharawal, Gundungurra",South Sydney,Werebah,,Locality,-33.95516,151.20318,EXIST,,Dry,"Record provides this location as that of the ""Sir Joseph Banks Hotel"" built in 1844, and may possibly apply to the foreshore in general.",,,,
510,MLMSS 7603 / Box 4 / Folder 3,309,a9821121,"Dharawal, Gundungurra",South Sydney,Bungarang,Banksmeadow,Suburb,-33.95425,151.2157,EXIST,,Eastern bearded dragon,"At the time this record was made, this suburb was known as Bunnerong, but the author of the record acknowledges its correct name as ""Bungarang"".",,,,
511,MLMSS 7603 / Box 4 / Folder 3,309,a9821121,"Dharawal, Gundungurra",South Sydney,Bumboah,Bumbora Point,Point,-33.97593,151.22434,EXIST,,A large tuft of grass,"Record notes that at one time in history this point was ""usually called Bumbra"".",,,,
512,MLMSS 7603 / Box 4 / Folder 3,309,a9821121,"Dharawal, Gundungurra",South Sydney,Yerrah,Yarra Bay Beach,Beach,-33.9779,151.22831,EXIST,,To dig up something which has been buried for safe keeping,,,,,
513,MLMSS 7603 / Box 4 / Folder 3,309,a9821121,"Dharawal, Gundungurra",South Sydney,Koorewal,La Perouse,Suburb,-33.98877,151.2318,EXIST,,A strong person,,,,http://www.acmssearch.sl.nsw.gov.au/search/itemDetailPaged.cgi?itemID=902113,
514,MLMSS 7603 / Box 4 / Folder 3,309,a9821121,"Dharawal, Gundungurra",South Sydney,Burrogah,Little Bay,Bay; Suburb,-33.97931,151.25209,EXIST,,A place of meeting,,,,,
515,MLMSS 7603 / Box 4 / Folder 3,309,a9821121,"Dharawal, Gundungurra",South Sydney,Mugga,Long Bay,Bay,-33.9654,151.2534,EXIST,,Diamond snake,,"Muggadung meaning ""Sleepy lizard""",Q499.15/548,,
516,MLMSS 7603 / Box 4 / Folder 3,309,a9821121,"Dharawal, Gundungurra",South Sydney,Goud Joul Gang,Rose Bay,Bay; Suburb,-33.8679,151.2624,EXIST,,Home,,,,,
517,MLMSS 7603 / Box 4 / Folder 3,309,a9821121,"Dharawal, Gundungurra",South Sydney,Kooilung,Vaucluse,Bay; Suburb,-33.8512,151.2723,EXIST,,Porpoise,,,,,
518,MLMSS 7603 / Box 4 / Folder 3,309,a9821121,"Dharawal, Gundungurra",South Sydney,Koorungnulla,Cronulla Beach,Bay; Beach; Suburb,-34.05544,151.15487,EXIST,,Choked up,Record specifies that this name is associated with the Beach.,,,,
519,MLMSS 7603 / Box 4 / Folder 3,309,a9821121,"Dharawal, Gundungurra",South Sydney,Mooroubah,Maroubra Bay,Beach; Suburb,-33.9496,151.2578,EXIST,,A place of shells,,,,,
530,MLMSS 7603 / Box 4 / Folder 3,217,a9821021,Wangaaypuwan,Ivanhoe,Munda Mutta,Mundamutta,Landholding,-35.15183,145.947934,EXIST,,Hermit's home,Record specifies that this name referred to a particular inhabitant of this place,,,,
546,MLMSS 7603 / Box 4 / Folder 3,218,a9821022,Wangaaypuwan,Ivanhoe,Merri Merrijul,Merri Merrigal,Landholding,-33.39178,146.04179,EXIST,,Where a lot of Dingoes were found,,,,,
607,MLMSS 7603 / Box 4 / Folder 1,9,a9819009,"Muruwari, Kurnu, Paakantyi",Barringun,Barringun,Barringun,Locality,-29.01406,145.71595,EXIST,,Fish die in water,Barringun is the capital of the Murrawarri Republic.,,,,
625,MLMSS 7603 / Box 4 / Folder 1,33,a9819033,"Pantyikali, Malyangapa, Paakantyi",Peak Hill,Bulgandramine,Bulgandramine,Hamlet,-32.5983,148.1011,EXIST,,Where boomerangs were found,,,,,
626,MLMSS 7603 / Box 4 / Folder 1,33,a9819033,"Pantyikali, Malyangapa, Paakantyi",Peak Hill,Mungery,Mungery,Hamlet,-32.4817,147.9178,EXIST,,Red ground,,,,,
628,MLMSS 7603 / Box 4 / Folder 1,33,a9819033,"Pantyikali, Malyangapa, Paakantyi",Peak Hill,Bogan,Bogan Shire,District; Region,-31.57012,146.90617,EXIST,,The birthplace of a Great King,"Record specifies the ""Peak Hill District"" as being inhabited by the ""Bogan tribe"".",,,,
630,MLMSS 7603 / Box 4 / Folder 1,33,a9819033,"Pantyikali, Malyangapa, Paakantyi",Peak Hill,Tomingley,Tomingley,Village,-32.5692,148.2231,EXIST,,Death adder country,,,,,
633,MLMSS 7603 / Box 4 / Folder 1,33,a9819033,"Pantyikali, Malyangapa, Paakantyi",Peak Hill,Gundong,Gundong Creek,River,-32.6128,148.1065,EXIST,,Rain,,,,,
634,MLMSS 7603 / Box 4 / Folder 1,33,a9819033,"Pantyikali, Malyangapa, Paakantyi",Peak Hill,Momo,Momo Road,Road,-32.49959,148.33498,EXIST,,The intestines of the oppossum,,,,,
635,MLMSS 7603 / Box 4 / Folder 1,33,a9819033,"Pantyikali, Malyangapa, Paakantyi",Peak Hill,Wambangalang,Wambangalang Field Studies Centre,Locality,-32.4652,148.5345,EXIST,,Kangaroo,"Formerly a local community area, now an education facility.",,,,
641,MLMSS 7603 / Box 4 / Folder 1,33,a9819033,"Pantyikali, Malyangapa, Paakantyi",Peak Hill,Corrodgery,Coradgery,,-32.85,148.01667,EXIST,,Sand country,,,,,
645,MLMSS 7603 / Box 4 / Folder 1,33,a9819033,"Pantyikali, Malyangapa, Paakantyi",Peak Hill,Muun or Moonn,Moon Moon Lake,Lake,-33.7485,145.1179,EXIST,,Little black Ant,,,,,
656,MLMSS 7603 / Box 4 / Folder 1,74,a9819073,"Paakantyi, Southern Paakantyi, Pantyikali, Naaualko, Milpulo",Wilcannia,Topar,Little Topar,Hamlet; District,-31.779749,142.22726,EXIST,,Spittle,"The name ""Topar"" is also given to a nearby landholding (-31.8908, 141.99029).",,,,
661,MLMSS 7603 / Box 4 / Folder 1,74,a9819073,"Paakantyi, Southern Paakantyi, Pantyikali, Naaualko, Milpulo",Wilcannia,Teltawongee,Teltawongee,District,-30.673056,141.952778,EXIST,,Hard ground,"Teltawongee is the name of a ""Parish"" district, and may possibly be another name for Nundora Creek (-30.83286, 141.90167)",,,,
662,MLMSS 7603 / Box 4 / Folder 1,74,a9819073,"Paakantyi, Southern Paakantyi, Pantyikali, Naaualko, Milpulo",Wilcannia,Kinchega,Kinchega,Landholding,-32.47048,142.3435,EXIST,,Kookaburra,This name is also given to a nearby National Park.,,,,
665,MLMSS 7603 / Box 4 / Folder 1,74,a9819073,"Paakantyi, Southern Paakantyi, Pantyikali, Naaualko, Milpulo",Wilcannia,Menindie,Menindee,Town,-32.39286,142.41823,EXIST,,Greedy,,,,,
667,MLMSS 7603 / Box 4 / Folder 1,74,a9819073,"Paakantyi, Southern Paakantyi, Pantyikali, Naaualko, Milpulo",Wilcannia,Menamurtee,Mena Murtee,Landholding,-31.41674,143.17107,EXIST,,The dripping of water,,,,,
671,MLMSS 7603 / Box 4 / Folder 1,74,a9819073,"Paakantyi, Southern Paakantyi, Pantyikali, Naaualko, Milpulo",Wilcannia,Byjerkerno,Byjerkerno Ridge,Peak,-31.3485,141.5846,EXIST,,"White quartz, white stone","This name is also given to a nearby waterhole (-31.3318, 141.5846) and a nearby landholding (-31.40911, 141.61537).",,,,
678,MLMSS 7603 / Box 4 / Folder 1,74,a9819073,"Paakantyi, Southern Paakantyi, Pantyikali, Naaualko, Milpulo",Wilcannia,Netallie,Netallie Hill,Peak,-31.5651,143.2013,EXIST,,Fine gravel,"This name is also given to a nearby landholding (-31.5424,143.2312).",,,,
679,MLMSS 7603 / Box 4 / Folder 1,74,a9819073,"Paakantyi, Southern Paakantyi, Pantyikali, Naaualko, Milpulo",Wilcannia,Culpaulin,Culpaulin,Landholding,-31.7305,143.214,EXIST,,Fallen limb of tree,,,,,
681,MLMSS 7603 / Box 4 / Folder 1,74,a9819073,"Paakantyi, Southern Paakantyi, Pantyikali, Naaualko, Milpulo",Wilcannia,Wilcannia,Wilcannia,Town,-31.558,143.3781,EXIST,,The inside of a fish,,,,,
686,MLMSS 7603 / Box 4 / Folder 1,74,a9819073,"Paakantyi, Southern Paakantyi, Pantyikali, Naaualko, Milpulo",Wilcannia,Woytehugga,Lake Woytchugga,Lake,-31.55839,143.30735,EXIST,,The moon,,,,,
687,MLMSS 7603 / Box 4 / Folder 1,74,a9819073,"Paakantyi, Southern Paakantyi, Pantyikali, Naaualko, Milpulo",Wilcannia,Umberumberka,Mount Umberumberka,Peak,-31.81093,141.24168,EXIST,,A rat hole,"This name is also given to a nearby river, Umberumberka Creek (-31.87624,141.27701).",,,,
690,MLMSS 7603 / Box 4 / Folder 1,74,a9819073,"Paakantyi, Southern Paakantyi, Pantyikali, Naaualko, Milpulo",Wilcannia,Euriowie,Euriowie Creek,River,-31.381667,141.601111,EXIST,,A rocky water hole,,,,,
691,MLMSS 7603 / Box 4 / Folder 2,131,a9820014,"Paakantyi, Wilyakali",Broken Hill,Wonnaminta,Wonnaminta Creek,River,-30.1683,142.0587,EXIST,,Plenty of boomerangs,"This name is also given to a nearby landholding (-30.6333,142.3214).",,,,
710,MLMSS 7603 / Box 4 / Folder 2,131,a9820014,"Paakantyi, Wilyakali",Broken Hill,Euriowie,Euriowie Creek,River,-31.381667,141.601111,EXIST,,A waterhole,,,,,
714,MLMSS 7603 / Box 4 / Folder 2,131,a9820014,"Paakantyi, Wilyakali",Broken Hill,Umberrumberka,Mount Umberumberka,Peak,-31.81093,141.24168,EXIST,,A rat hole,,,,,
722,MLMSS 7603 / Box 4 / Folder 2,134,a9820017,"Pantyikali, Wadigali, Malyangapa, Paakantyi",Milparinka,Tidywoolly,Milparinka,Hamlet,-29.7382,141.8849,EXIST,,Permanent waterhole,"Record specifies this as the ""original name for Milparinka"".",,,,
725,MLMSS 7603 / Box 4 / Folder 2,134,a9820017,"Pantyikali, Wadigali, Malyangapa, Paakantyi",Milparinka,Prinna-ngapa,Lake Cobham,Lake,-30.1505,142.0924,EXIST,,Big water,,,,,
729,MLMSS 7603 / Box 4 / Folder 2,134,a9820017,"Pantyikali, Wadigali, Malyangapa, Paakantyi",Milparinka,Midtewatta,Peak Hill,Peak,-29.79218,141.93787,EXIST,,Big sharp peaked hill,,,,,
735,MLMSS 7603 / Box 4 / Folder 3,300,a9821109,"Paakantyi, Wilyakali",Silverton,Wonaminta,Wonnaminta Creek,,-30.1683,142.0587,EXIST,,Plenty of boomerangs,,,,,
752,MLMSS 7603 / Box 4 / Folder 3,300,a9821109,"Paakantyi, Wilyakali",Silverton,Euriowie,Euriowie,Locality,-31.3724,141.5918,EXIST,,Waterhole,,,,,
755,MLMSS 7603 / Box 4 / Folder 3,300,a9821109,"Paakantyi, Wilyakali",Silverton,Umberumberka,Mount Umberumberka,Peak,-31.81093,141.24168,EXIST,,Rathole,,,,,
758,MLMSS 7603 / Box 4 / Folder 1,7,a9819007,Bundjalung,Ballina,Teven,Teven,Village,-28.8167,153.4999,EXIST,,Place of stinging tree,,,,,
759,MLMSS 7603 / Box 4 / Folder 1,7,a9819007,Bundjalung,Ballina,Uralba,Uralba State Forest,Park,-28.8818,152.4512,EXIST,,A place plenteous with quartz stones,"This name is also given to a number of roads closer to the coast, in Lismore, Ballina, and Woodburn.",,,,
760,MLMSS 7603 / Box 4 / Folder 1,7,a9819007,Bundjalung,Ballina,Cumbalum,Cumbalum,Hamlet,-28.8317,153.5345,EXIST,,Place where flat fish were caught,,,,,
762,MLMSS 7603 / Box 4 / Folder 1,7,a9819007,Bundjalung,Ballina,Booyong,Booyong,Hamlet,-28.7483,153.4511,EXIST,,Place where scrub timber named Booyong grew,,,,,
765,MLMSS 7603 / Box 4 / Folder 1,7,a9819007,Bundjalung,Ballina,Bullina,Ballina,Town,-28.8635,153.5619,EXIST,,A fighting ground,,,,,
766,MLMSS 7603 / Box 4 / Folder 1,7,a9819007,Bundjalung,Ballina,Newrybar,Newrybar,Hamlet,-28.715,153.5345,EXIST,,The place where vines grow,,,,,
767,MLMSS 7603 / Box 4 / Folder 1,7,a9819007,Bundjalung,Ballina,Tintenbar,Tintenbar,Village,-28.7999,153.5168,EXIST,,The right-hand creek,,,,,
768,MLMSS 7603 / Box 4 / Folder 1,8,a9819008,Gamilaraay,Barraba,Currangandi,Currangandi Road,Road,-30.162021,150.39133,EXIST,,Place of many spiders,,,,,
769,MLMSS 7603 / Box 4 / Folder 1,8,a9819008,Gamilaraay,Barraba,Taengararah Warrawarildi,Barraba,Town,-30.3789,150.6083,EXIST,,A yellow jacket tree,"The town Barraba was named after a landholding of the same name, but the Indigenous name for this place was Taengararah Warrawarildi.",,,,
770,MLMSS 7603 / Box 4 / Folder 1,8,a9819008,Gamilaraay,Barraba,Borah,Mount Borah,Peak,-30.67604,150.60866,EXIST,,Place of religious rites,"This name is also given to the nearby hamlet of Borah Creek (-30.6036,150.5178).",,,,
772,MLMSS 7603 / Box 4 / Folder 1,15,a9819015,Wiradjuri,Hill End,Belaradah,Belaradah,Landholding,-32.6459,149.6013,EXIST,,"Oak scrub; ""Belar"" meaning ""oak""",,,,,
778,MLMSS 7603 / Box 4 / Folder 1,15,a9819015,Wiradjuri,Hill End,Curragurra,Curragurra,Landholding,-33.2956,149.4348,EXIST,,Heavy stones,"Record lists an alternative spelling as ""curra curra"".",,,,
787,MLMSS 7603 / Box 4 / Folder 1,15,a9819015,Wiradjuri,Hill End,Tambaroora,Tambaroora,Village,-32.9984,149.4178,EXIST,,Ibis,,,,,
798,MLMSS 7603 / Box 4 / Folder 1,24,a9819024,Yugambal,Woodstock,Mulyan,Mulyan,Suburb,-33.8202,148.6794,EXIST,,Eagle,,,,,
800,MLMSS 7603 / Box 4 / Folder 1,24,a9819024,Wiradjuri,Mt McDonald,Binda,Binda,Village,-34.3295,149.3659,EXIST,,Deep Water,,,,,
801,MLMSS 7603 / Box 4 / Folder 1,26,a9819026,Wiradjuri,Molong,Molong,Molong,Town,-33.0924,148.8639,EXIST,,All Rocks,,,,,
802,MLMSS 7603 / Box 4 / Folder 1,26,a9819026,Wiradjuri,Molong,Boree,Boree,Hamlet,-33.2505,148.8356,EXIST,,A species of Yarran tree,,,,,
803,MLMSS 7603 / Box 4 / Folder 1,26,a9819026,Wiradjuri,Molong,Erambie,Erambie,Landholding,-33.1207,148.9298,EXIST,,Crayfish,,,,,
806,MLMSS 7603 / Box 4 / Folder 1,26,a9819026,Wiradjuri,Manildra,Euroka,Euroka,Landholding,-32.8519,149.0864,EXIST,,The Sun,,,,,
807,MLMSS 7603 / Box 4 / Folder 1,26,a9819026,Wiradjuri,Manildra,Brymedura,Brymedura,Landholding,-33.1482,148.7199,EXIST,,A Mallee Hen's Nest,,,,,
809,MLMSS 7603 / Box 4 / Folder 1,26,a9819026,Wiradjuri,Cumnock,Burrawang,Burrawang,Landholding,-33.16184,147.56621,EXIST,,Wild Ducks,,,,,
810,MLMSS 7603 / Box 4 / Folder 1,26,a9819026,Wiradjuri,Cumnock,Cundumbul,Cundumbul,Hamlet,-32.8317,148.9011,EXIST,,Big Mountains,,,,,
812,MLMSS 7603 / Box 4 / Folder 1,27,a9819027,Wiradjuri,Forbes,Bundaburrah,Bundaburrah,Suburb,-33.4741,147.8813,EXIST,,Bundie,,,,,
814,MLMSS 7603 / Box 4 / Folder 1,27,a9819027,Wiradjuri,Forbes,Guidgery,Bald Hill,Peak,-33.31728,148.03572,EXIST,,Sand bed,,,,,
816,MLMSS 7603 / Box 4 / Folder 1,27,a9819027,Wiradjuri,Forbes,Wongajong,Wongajong,Landholding,-33.4495,148.0088,EXIST,,Wood ant nest,,,,,
817,MLMSS 7603 / Box 4 / Folder 1,27,a9819027,Wiradjuri,Forbes,Warroo,Warroo,Suburb,-33.3205,147.5368,EXIST,,Red hornets,,,,,
818,MLMSS 7603 / Box 4 / Folder 1,27,a9819027,Wiradjuri,Forbes,Carrodoobbity,Carrawobitty,Landholding,-33.3821,147.8468,EXIST,,Durogong,,,,,
819,MLMSS 7603 / Box 4 / Folder 1,27,a9819027,Wiradjuri,Forbes,Bogabagal,Bogabigal,Landholding,-33.38636,147.90647,EXIST,,Bogey,Bogey meaning a swimming or bathing place,,,,
820,MLMSS 7603 / Box 4 / Folder 1,27,a9819027,Wiradjuri,Forbes,Yamma,Yamma,Landholding,-33.4263,148.1894,EXIST,,Currajong tree,,,,,
821,MLMSS 7603 / Box 4 / Folder 1,27,a9819027,Wiradjuri,Forbes,Burrawang,Burrawang,Landholding,-33.16184,147.56621,EXIST,,Red Kangaroo,,,,,
822,MLMSS 7603 / Box 4 / Folder 1,27,a9819027,Wiradjuri,Forbes,Nullungaloo,Nelungaloo,Hamlet,-33.1448,148.0033,EXIST,,Lizard,,,,,
823,MLMSS 7603 / Box 4 / Folder 1,27,a9819027,Wiradjuri,Forbes,Daroobalgie,Daroobalgie,Hamlet,-33.3278,148.0556,EXIST,,Jumping into water,,,,,
824,MLMSS 7603 / Box 4 / Folder 1,27,a9819027,Wiradjuri,Forbes,Badjerrabong,Bedgerabong,Hamlet,-33.3588,147.7017,EXIST,,Bulyar 'berry',,,,,
842,MLMSS 7603 / Box 4 / Folder 1,16,a9819016,"Thawa, Bidawal",Mt Victoria,Kanimbla,,,-33.6243,150.2202,EXIST,,A Big Fight,,,,,
843,MLMSS 7603 / Box 4 / Folder 1,16,a9819016,"Thawa, Bidawal",Mt Victoria,Kiangatha,Kiangatha Yard,Landholding,-33.74436,150.15703,EXIST,,A Deep Hole,,,,,
844,MLMSS 7603 / Box 4 / Folder 1,16,a9819016,"Thawa, Bidawal",Mt Victoria,Mulyan,Mulyan,Suburb,-33.82025,148.67938,EXIST,,Resort for Eagles,,,,,
851,MLMSS 7603 / Box 4 / Folder 1,22,a9819022,Wiradjuri,Orange,Mulyan,Mulyan,Suburb,-33.82025,148.67938,EXIST,,Eagle Hawk,,,,,
865,MLMSS 7603 / Box 4 / Folder 1,47,a9819047,"Guyinbaraay, Gamilaraay",Boggabri,Wee,Wee Waa,Town,-30.2242076,149.4401917,EXIST,,Fire,,Wee Waa means 'fire for roasting',"Wee Waa means fire for roasting (Wikipedia, weewaa.com)",,JP
868,MLMSS 7603 / Box 4 / Folder 1,47,a9819047,"Guyinbaraay, Gamilaraay",Boggabri,Euroka,Euroka,Village,-31.0816667,149.611621,EXIST,,Sun,,,,,JP
869,MLMSS 7603 / Box 4 / Folder 1,49,a9819048,"Thawa, Djirringany, Ngarigu",Bombala,Ando,Ando,Rural village,-36.738333,149.261111,EXIST,,High place or hill or landmark,,,,,JP
870,MLMSS 7603 / Box 4 / Folder 1,49,a9819048,"Thawa, Djirringany, Ngarigu",Bombala,Merimbula,Merimbula,Town,-36.898056,149.90111,EXIST,,Small arm of sea,Located on Lake Merimbula,"Merimbula 'big snake', Merimboola 'place of two waterholes or lakes' Merrimbula 'two lakes', Merimbula 'two dogs'",http://www.aussietowns.com.au/town/merimbula-nswSydney Aboriginal language insights http://naabawinya.blogspot.com.au/2011/07/south-coast-words-merimbula.html,,JP
871,MLMSS 7603 / Box 4 / Folder 1,49,a9819048,"Thawa, Djirringany, Ngarigu",Bombala,Pampoola or Pambula,Pambula,Coastal village,-36.916667,149.883333,EXIST,,A smaller portion than above or a very small lake,,"big waterhole, twin waters","Big waterhole' www.monaropioneers.com/towns/Pambula.htm, 'twin waters' Wikipedia",,JP
873,MLMSS 7603 / Box 4 / Folder 1,50,a9819049,"Wangaaypuwan, Ngiyampaa",Bourke District,Brewarrina,Brewarrina,Town,-29.96,146.861111,EXIST,,Single Myall tree,,"clumps of acacias', 'where the gooseberry grows', 'fishing', 'acacia clumps', most likely is 'place of gooseberries' from 'warrina' meaning 'place of' and 'bre' or 'burie' or 'biree' meaning gooseberries",http://www.brewarrina.nsw.gov.au/tourism/visitor-information/our-history/indigenous-history.aspx,,JP
880,MLMSS 7603 / Box 4 / Folder 1,50,a9819049,"Wangaaypuwan, Ngiyampaa",Bourke District,Mole,The Mole,Parish,-30.8254308,147.4910433,EXIST,,Big watercourse,Parish in the LGA Warren,,,,JP
884,MLMSS 7603 / Box 4 / Folder 1,50,a9819049,"Wangaaypuwan, Ngiyampaa",Bourke District,Willie,Willie,Hamlet,-30.8983333,147.4677778,EXIST,,O'Possum,Warren Shire,wile' pronounced 'willie' is the widespread Kulin word for possum,http://press-files.anu.edu.au/downloads/press/p286811/html/ch14.xhtml?referer=258&page=17,,JP
886,MLMSS 7603 / Box 4 / Folder 1,50,a9819049,"Wangaaypuwan, Ngiyampaa",Bourke District,Boorah,Boorah,Parish,-29.95,149.77,EXIST,,Bone,,Boorah' means 'initiation' in Euahlayi language,"The Euahlayi Tribe : a study of Aboriginal life in Australia' by K. Langloh Parker , 1905",,JP
888,MLMSS 7603 / Box 4 / Folder 1,50,a9819049,"Wangaaypuwan, Ngiyampaa",Bourke District,Moorabilla,Morabilla,Parish,-29.69540024,147.0155029,EXIST,,Moonos you go,,,,,JP
890,MLMSS 7603 / Box 4 / Folder 1,50,a9819049,"Wangaaypuwan, Ngiyampaa",Bourke District,Yambacoona,Yambacoona,homestead,-29.962222,146.602222,EXIST,,Camping ground,,,,,JP
893,MLMSS 7603 / Box 4 / Folder 1,50,a9819049,"Wangaaypuwan, Ngiyampaa",Bourke District,Gongolgon,Gongolgon,small town,-30.348611,146.897778,EXIST,,River not running fast,,,,,JP
894,MLMSS 7603 / Box 4 / Folder 1,50,a9819049,"Wangaaypuwan, Ngiyampaa",Bourke District,Willamurra,Willamura,homestead,-30.566667,146.883056,EXIST,,Small creek,also known as Willa Murra,,,,
896,MLMSS 7603 / Box 4 / Folder 2,119,a9820002,"Barababaraba, Jabulajabula, Jeithi",,Yallakool creek,Yallakool,Parish,-35.498333,144.513611,EXIST,,Salt water,,,,,HM
900,MLMSS 7603 / Box 4 / Folder 1,50,a9819049,"Wangaaypuwan, Ngiyampaa",Bourke District,Yarrawin,Yarrawin,Homestead,-31.4,149.26667,EXIST,,Yarra tree,,,,,JP
903,MLMSS 7603 / Box 4 / Folder 1,50,a9819049,"Wangaaypuwan, Ngiyampaa",Bourke District,Nidgery,Nidgery,Homestead,-30.6,146.86667,EXIST,,Big clump of trees,,,,,JP
904,MLMSS 7603 / Box 4 / Folder 1,50,a9819049,"Wangaaypuwan, Ngiyampaa",Bourke District,Booka Booka,Booka,,-34.717143,146.532941,EXIST,,Bad water,,,,,JP
907,MLMSS 7603 / Box 4 / Folder 1,50,a9819049,"Wangaaypuwan, Ngiyampaa",Bourke District,Buckiinguy,Buckiinguy,Homestead,-31.04455,147.3611,EXIST,,Old place,,,,,
908,MLMSS 7603 / Box 4 / Folder 1,50,a9819049,"Wangaaypuwan, Ngiyampaa",Bourke District,Coronga' Peak,Coronga Peak,Homestead and mountain,-30.93333,146.86667,EXIST,,Bad Water,,,,,
909,MLMSS 7603 / Box 4 / Folder 2,119,a9820002,"Barababaraba, Jabulajabula, Jeithi",,Barratta,Barratta,"Homestead, Locality",-35.28178,144.53178,EXIST,,Place where blacks get tomahawks,"Multiple options for location: Barratta Creek, homestead, hamlet, etc.",,,,HM
910,MLMSS 7603 / Box 4 / Folder 2,119,a9820002,"Barababaraba, Jabulajabula, Jeithi",,Morago,Morago,Locality,-35.387749,144.756122,EXIST,,Place where blacks get waddies,,,,,HM
913,MLMSS 7603 / Box 4 / Folder 2,119,a9820002,"Barababaraba, Jabulajabula, Jeithi",,Thule,Thule,Locality,-35.638261,144.352779,EXIST,,Vessel for holding water,There is also Thule Creek and Thule Lagoon,,,,HM
916,MLMSS 7603 / Box 4 / Folder 2,119,a9820002,"Barababaraba, Jabulajabula, Jeithi",,Murgha,Murgha-Windouran Road,Road,-35.165417,144.36544,EXIST,,A shield,"GPS coord taken from google maps location for ""Murgha""",,,,HM
917,MLMSS 7603 / Box 4 / Folder 2,119,a9820002,"Barababaraba, Jabulajabula, Jeithi",,Warbreccan,Warbreccan Station,Homestead,-35.506187,144.897762,EXIST,,Place where willow trees grow,"Described as an ""iconic"" homestead","Warbreccan defined as ""Aboriginal for 'the land of big trees'"" in two local newspaper articles",http://www.stockandland.com.au/story/3557915/changing-times-nothing-new-at-warbreccan/; http://www.weeklytimesnow.com.au/property/riverside-homestead-filled-with-family-memories-at-deniliquin/news-story/c3c315a54939a0ab9ccab29248cddc24,Radio story on property sale 2014: http://www.abc.net.au/news/2014-06-25/warbreccan-sale-2506/5550036,HM
921,MLMSS 7603 / Box 4 / Folder 2,119,a9820002,"Barababaraba, Jabulajabula, Jeithi",,Moira,Moira Lake,Lake,-35.941255,144.934944,EXIST,,Big Lake,"There is also Moira Train Station, Moira Road, and old Moira Station (Homestead) nearby,",,,,HM
922,MLMSS 7603 / Box 4 / Folder 2,119,a9820002,"Barababaraba, Jabulajabula, Jeithi",,Kyalite,Kyalite,"Locality, Village",-34.945401,143.476722,EXIST,,Edwards River,"Formerly known as Wakool Crossing (Wikipedia, changed 1927). Edward River <3km away",,,,HM
924,MLMSS 7603 / Box 4 / Folder 1,50,a9819049,"Wangaaypuwan, Ngiyampaa",Bourke District,Byerock,Byrock,Small village,-30.661944,146.403611,EXIST,,Dirty water hole,known as 'Bye Rockhole' then Bye Rock in 1880s when railway arrived. Then Byrock when Post Office arrived,Semen of men and animals,http://www.aussietowns.com.au/town/byrock-nsw,,JP
926,MLMSS 7603 / Box 4 / Folder 1,50,a9819049,"Wangaaypuwan, Ngiyampaa",Bourke District,Dijoe,Dijoe,Homestead,-30.87483,145.91984,EXIST,,Good [?] indecipherable,Also known as Dijoe Station,,,,JP
938,MLMSS 7603 / Box 4 / Folder 3,201,a9821001,"Yaygir, Yuungay, Bundjalung",Maclean,Yamba,Yamba,Town,-29.432869,153.340658,EXIST,,A headland,,,,,HM
939,MLMSS 7603 / Box 4 / Folder 3,201,a9821001,"Yaygir, Yuungay, Bundjalung",Maclean,Iluka,Iluka,Village,-29.402298,153.349894,EXIST,,Near the sea,,,,,HM
942,MLMSS 7603 / Box 4 / Folder 3,201,a9821001,"Yaygir, Yuungay, Bundjalung",Maclean,Mingaletta,Mingaletta,"Road, Place",-31.246309,152.839732,EXIST,,Blood wood tree,"Mingaletta Train Station (closed since 1966) / Mingaletta Underground Iron Ore Mine (Bonzle) / Mingaletta Aboriginal & Torres Strait Islander Corporation, Umina Beach (Central Coast) - ""Mingaletta Elders"" [http://www.treatyrepublic.net/node/533/146] / Mingaletta Family Centre, Macarthur LGA (South-west Sydney) / Mingaletta Nursing Home, Port Macquarie",,,,HM
943,MLMSS 7603 / Box 4 / Folder 3,201,a9821001,"Yaygir, Yuungay, Bundjalung",Maclean,Woy Woy,Woy Woy,"Town, Surburb",-33.490125,151.319989,EXIST,,A Porpoise,Different Woy Woy? - This one out of area (on central coast NSW) and has a different meaning recorded elsewhere,"Woy Woy = ""much water"" or ""big lagoon""",http://www.gosford.nsw.gov.au/docs/default-source/Library-documents/placenames-of-the-gosford-lga---fact-sheet.pdf?sfvrsn=0,,HM
944,MLMSS 7603 / Box 4 / Folder 3,201,a9821001,"Yaygir, Yuungay, Bundjalung",Maclean,Taloumbi,Taloumbi Station,Landholding,-29.543739,153.268952,EXIST,,A Windy place,Also seems to be an area called Taloumbi - only on Google Maps,,,Profile of current owner of Taloumbi Station: https://www.dailyexaminer.com.au/news/portrait-of-an-unstoppable-lady/2787302/,HM
946,MLMSS 7603 / Box 4 / Folder 3,205,a9821005,"Yaygir, Yuungay, Bundjalung",Maclean,Mororo,Mororo,Locality,-29.33333,153.25,EXIST,,blood,"Also Mororo Creek, Mororo Rd, Mororo State Forest",,,,HM
947,MLMSS 7603 / Box 4 / Folder 3,205,a9821005,"Yaygir, Yuungay, Bundjalung",Maclean,Tabbimoble,Tabbimoble,Locality,-29.199297,153.271448,EXIST,,a dog,Also Tabbimoble Swamp,,,,HM
950,MLMSS 7603 / Box 4 / Folder 3,205,a9821005,"Yaygir, Yuungay, Bundjalung",Maclean,Wooli Wooli,Wooli Wooli River,River,-29.844857,153.252106,EXIST,,heavy see coming over bar,See Wooli Entry#941,,,,HM
951,MLMSS 7603 / Box 4 / Folder 3,205,a9821005,"Yaygir, Yuungay, Bundjalung",Maclean,Iluka,Iluka,Village,-29.402298,153.349894,EXIST,,Catching porpoises,See Iluka Entry#939,,,,HM
952,MLMSS 7603 / Box 4 / Folder 3,205,a9821005,"Yaygir, Yuungay, Bundjalung",Maclean,Taloumbi,Taloumbi Station,Landholding,-29.543739,153.268952,EXIST,,putting a stick into a dog to hunt out vermin,See Taloumbi Entry#944,,,,HM
953,MLMSS 7603 / Box 4 / Folder 3,205,a9821005,"Yaygir, Yuungay, Bundjalung",Maclean,Nanegai,Nanegai Street,Street,-26.663495,153.105721,EXIST,,soldier ant,"Street is located in Tucabia / Nanegai Parish in County Clarence [http://trove.nla.gov.au/version/29732821] - GPS -29.365, 153.334444",,,,HM
954,MLMSS 7603 / Box 4 / Folder 3,205,a9821005,"Yaygir, Yuungay, Bundjalung",Maclean,Harwood,Harwood,Village,-29.42575,153.24182,EXIST,,Murranjurran (backside),Also Harwood Island. / source may have mixed up columns - but no Murranjurran to be found anyway,,,,HM
956,MLMSS 7603 / Box 4 / Folder 3,205,a9821005,"Yaygir, Yuungay, Bundjalung",Maclean,Brushgrove,Brushgrove,Suburb/Village,-29.565325,153.079939,EXIST,,Mulla blacksnake,source may have mixed up columns,,,,HM
957,MLMSS 7603 / Box 4 / Folder 3,205,a9821005,"Yaygir, Yuungay, Bundjalung",Maclean,Warregah,Warregah Island,Island,-29.38661,153.22335,EXIST,,"Yam fum, Wild wallabies",,,,,HM
980,MLMSS 7603 / Box 4 / Folder 1,44,a9819044,"Bigambul, Gamilaraay, Wiriyaraay",Yetman,Warialda,Warialda,Town,-29.5186,150.5538,EXIST,,Wild [hogs?] there,,Place of wild honey',"Wikipedia, http://www.warialdansw.com.au/",,JP
982,MLMSS 7603 / Box 4 / Folder 1,44,a9819044,"Bigambul, Gamilaraay, Wiriyaraay",Yetman,Texas,Texas,Locality,-28.8538,151.167,EXIST,,Two big waters,Area located on border between NSW and Queensland. Town of Texas located just inside Queensland border.,Texas Australia named by the McDougall brothers after they won a land dispute with squatters inspired by dispute between US and Mexico over territory in Texas US,"https://en.wikipedia.org/wiki/Texas,_Queensland. http://queenslandplaces.com.au/texas",,JP
983,MLMSS 7603 / Box 4 / Folder 3,206,a9821006,Wonnarua,Merriwa,Merriwa,Merriwa,Town,-32.13922,150.35562,EXIST,,Flour made from grass seeds by rubbing them between stones,,,,,HM
984,MLMSS 7603 / Box 4 / Folder 3,206,a9821006,Wonnarua,Merriwa,Cullingral station near Merriwa,Cullingral,Landholding,-32.162367,150.339469,EXIST,,Deep Water hole,"Also a Road (Cullingral Road)/ ""Cullingral, at 139 Cullingral Road in Merriwa, was built for the grandson of pioneering explorer Gregory Blaxland. Charles Blaxland was granted 130 hectares of prime land in 1839 and his famous grandfather commissioned the construction of a fine homestead built with convict labour from sandstone quarried on site.""",,,https://www.domain.com.au/news/beyond-sydney-historic-homestead-cullingral-goes-on-sale-20160826-gr0xxl/,HM
985,MLMSS 7603 / Box 4 / Folder 3,206,a9821006,Wonnarua,Merriwa,Collaroy station near Merriwa,Collaroy,Landholding,-32.1,150.13333,EXIST,,Junction or branch creek,"Also a bridge ""Collaroy Bridge"" over Krui River [-32.096322, 150.118361] /",,,,HM
986,MLMSS 7603 / Box 4 / Folder 3,206,a9821006,Wonnarua,Merriwa,Ghingi on Road Merriwa to Cassibo,Ginghi,Locality,-32.58332825,150.0666656,EXIST,,Mountains,"there also appears to be/have been an old homestead called ""Ginghi""",,,Austlang says it is Wiradjuri language/ https://oldimagesrylstone.blogspot.com.au/search/label/Ginghi,HM
987,MLMSS 7603 / Box 4 / Folder 3,206,a9821006,Wonnarua,Merriwa,Wollar a small town between Merriwa and Mudgee,Wollar,Town,-32.35,149.95,EXIST,,Flat bordernig on the Creek,Also Wollar Creek,,,Austlang says it is Wiradjuri language/,HM
988,MLMSS 7603 / Box 4 / Folder 3,208,a9821008,"Dhurga, Dharamba",Milton,Wandandian,Wandandian,Village,-35.1,150.5,EXIST,,The lost lovers home,Also Wandandian Creek,,,,HM
989,MLMSS 7603 / Box 4 / Folder 3,208,a9821008,"Dhurga, Dharamba",Milton,Ulladulla,Ulladulla,Town,-35.35906,150.47247,EXIST,,Safe harbour,,,,,HM
990,MLMSS 7603 / Box 4 / Folder 3,208,a9821008,"Dhurga, Dharamba",Milton,Yatteyah,Yatte Yattah,Locality,-35.25876,150.42579,EXIST,,Double waterfall,Also Yatteyattah Reserve (National Parks),,,,HM
992,MLMSS 7603 / Box 4 / Folder 1,44,a9819044,"Bigambul, Gamilaraay, Wiriyaraay",Yetman,Graman,Graman,Village,-29.4233,150.9504,EXIST,,Very long grass,,,,,JP
994,MLMSS 7603 / Box 4 / Folder 1,44,a9819044,"Bigambul, Gamilaraay, Wiriyaraay",Yetman,Boonal,Boonal,Locality,-29.765,150.53444,EXIST,,[Blarey?] Grass growing thick and high,,Blady grass plentiful,Geographical Names Board of NSW http://www.gnb.nsw.gov.au/place_naming/placename_search/extract?id=KWlpoeUl,McCarthy 1963,JP
1027,MLMSS 7603 / Box 4 / Folder 3,210,a9821011,"Gamilaraay, Yuwaalaraay","Mogil Mogil, Collarenebri",Barreubah,Barraba,Town,-30.378558,150.610655,EXIST,,Brigalow trees,"Perhaps town of Barraba / perhaps burrii+Baa: ""burrii (GR) noun brigalow wattle (Acacia harpophylla). Burrigala (GR) placename Brigalow Station; off the CoonabarabranCoonamble road. Based on burrii (brigalow wattle); described as place of the burrii. One source."" + ""-Baa (place of, time of)."" [GYY Dictionary]",,,,HM
1046,MLMSS 7603 / Box 4 / Folder 1,54,a9819053,,,Gundabooka,Gundabooka,Homestead,-30.40236,145.50451,EXIST,,A stinking camp,coord from geonames.org. There is also Gundabooka National Park and Great Gondabooka Mine,,,,JP
1065,MLMSS 7603 / Box 4 / Folder 1,54,a9819053,,,Talliwalka,Talyawalka,,-32.4825,142.4569,EXIST,,Creek running from river onto river again lower down,www.geodata.us/australia_names_maps,,,,JP
1067,MLMSS 7603 / Box 4 / Folder 1,54,a9819053,,,Mulya,Mulya,Homestead,-30.7833,145.2833,EXIST,,A tree,www.geodata.us/australia_names_maps,,,,JP
1071,MLMSS 7603 / Box 4 / Folder 1,54,a9819053,,,Tiltagoona,Tiltagoonah Lagoons,Lagoons/Homestead,-31.2652,144.7012,EXIST,,Emu's camp,"www.nationalmap.gov.au (Tiltagoonah Lagoons), www.bonzle.com (Tiltagoonah homestead)",,,,JP
1076,MLMSS 7603 / Box 4 / Folder 1,56,a9819055,"Wangaaypuwan?, Ngiyampaa?",[Cobar?],Billagae,Billagoe,Mountain,-31.1833,145.8667,EXIST,,Mountain with waterhole,Also Billagoe Mine,,,https://mapcarta.com/16697384,JP
1080,MLMSS 7603 / Box 4 / Folder 1,56,a9819055,"Wangaaypuwan?, Ngiyampaa?",[Cobar?],Miryula,Meryula,Locality,-31.5239,146.0574,EXIST,,Salt bush and yarren,Also railway station,,,,
1081,MLMSS 7603 / Box 4 / Folder 1,56,a9819055,"Wangaaypuwan?, Ngiyampaa?",[Cobar?],Cobar,Cobar,Town,-31.4949,145.8402,EXIST,,Peculiar kind of clay,,derived from Ngiyampaa word for copper meaning 'red earth' or 'burnt earth' https://en.wikipedia.org/wiki/Cobar,,,
1094,MLMSS 7603 / Box 4 / Folder 3,212,a9821013,Not listed,Moree,Moree,Moree,Town,-29.462974,149.841586,EXIST,,a stone,"online Gamilaraay dictionary lists 'yarrul' as word for 'rock, stone'. GYY print dictionary lists 'maraama (GR) noun: 'stone' /","Wikipedia claims that Moree is named after a town in Northern Ireland, Country Tyrone",,"https://en.wikipedia.org/wiki/Moree,_New_South_Wales, https://en.wikipedia.org/wiki/List_of_townlands_of_County_Tyrone, http://www.dnathan.com/language/gamilaraay/dictionary/GAMFL.HTM",HM
1096,MLMSS 7603 / Box 4 / Folder 3,212,a9821013,Not listed,Moree,Boolooroo,Boolooroo,Rest Area,-29.420142,149.904149,EXIST,,a fly,"Boolooroo Rest area is close to Moree | Also Boolooroo Weir GPS coords: [-29.4152, 149.8846] | Also former Boolooroo Station [http://www.weebollabolla.com.au/history] | 'fly (noun) burruluu' [GYY Dictionary]",,,,HM
1097,MLMSS 7603 / Box 4 / Folder 3,212,a9821013,Not listed,Moree,Wubollabolla,Weebollabolla,Landholding,-29.493932,149.91915,EXIST,,Fire going out,"The name Weebollabolla is the Aboriginal name for end of the great fire"", where the timbered country of the western slopes of New South Wales meets the open vastness of the plains."" http://www.weebollabolla.com.au/history |",,,,HM
